"wkd_ind","assaults","attend_v","attend_m","attend_n","pr_attend_v","pr_attend_m","pr_attend_n","attend_v_f","attend_m_f","attend_n_f","attend_v_b","attend_m_b","attend_n_b","h_chris","h_newyr","h_easter","h_july4","h_mem","h_labor","w_maxa","w_maxb","w_maxc","w_mina","w_minb","w_minc","w_rain","w_snow","year1","year2","year3","year4","year5","year6","year7","year8","year9","year10","month1","month2","month3","month4","month5","month6","month7","month8","month9","month10","month11","month12"
2,1037,4.4302,4.5009,13.02,4.9223,3.7808,11.931,3.0914,4.1061,7.634,0.95032,1.6259,12.803,0,0,0,0,0,0,0,0,0,0,0.14068,0.23946,0.50969,0.32722,1,0,0,0,0,0,0,0,0,0,1,0,0,0,0,0,0,0,0,0,0,0
3,827,3.0914,4.1061,7.634,3.3526,3.8951,7.7697,2.3211,3.8242,5.1748,4.4302,4.5009,13.02,0,0,0,0,0,0,0,0,0,0.018884,0.31769,0.33483,0.24992,0.38456,1,0,0,0,0,0,0,0,0,0,1,0,0,0,0,0,0,0,0,0,0,0
4,864,2.3211,3.8242,5.1748,2.4991,3.1744,4.807,2.0207,3.4072,6.0123,3.0914,4.1061,7.634,0,0,0,0,0,0,0,0,0,0.10798,0.2509,0.45507,0.29066,0.36041,1,0,0,0,0,0,0,0,0,0,1,0,0,0,0,0,0,0,0,0,0,0
5,801,2.0207,3.4072,6.0123,2.6573,3.3738,5.9798,1.6774,3.7537,5.8236,2.3211,3.8242,5.1748,0,0,0,0,0,0,0,0,0,0.16554,0.20655,0.42418,0.28971,0.22387,1,0,0,0,0,0,0,0,0,0,0,1,0,0,0,0,0,0,0,0,0,0
6,802,1.6774,3.7537,5.8236,2.3952,2.8532,5.2682,1.6346,4.351,9.5369,2.0207,3.4072,6.0123,0,0,0,0,0,0,0,0,0,0.2433,0.089456,0.35927,0.30817,0.34644,1,0,0,0,0,0,0,0,0,0,0,1,0,0,0,0,0,0,0,0,0,0
7,931,1.6346,4.351,9.5369,2.572,4.8759,11.381,1.9854,3.7086,6.4433,1.6774,3.7537,5.8236,0,0,0,0,0,0,0,0,0,0.11274,0.12514,0.31222,0.3649,0.20611,1,0,0,0,0,0,0,0,0,0,0,1,0,0,0,0,0,0,0,0,0,0
8,854,1.9854,3.7086,6.4433,2.7041,3.8274,6.3828,1.5662,5.9421,5.1604,1.6346,4.351,9.5369,0,0,0,0,0,0,0,0,0,0.00018808,0.30323,0.38797,0.10286,0.085837,1,0,0,0,0,0,0,0,0,0,0,1,0,0,0,0,0,0,0,0,0,0
9,841,1.5662,5.9421,5.1604,2.0365,5.6547,4.9818,1.0726,7.0069,3.5359,1.9854,3.7086,6.4433,0,0,0,0,0,0,0,0,0,0.16277,0.17642,0.28104,0.24982,0.33392,1,0,0,0,0,0,0,0,0,0,0,0,1,0,0,0,0,0,0,0,0,0
10,933,1.0726,7.0069,3.5359,1.4864,7.5992,3.6142,2.1567,5.0211,4.2011,1.5662,5.9421,5.1604,0,0,0,0,0,0,0,0,0,0.026388,0.085114,0.32961,0.2298,0.27724,1,0,0,0,0,0,0,0,0,0,0,0,1,0,0,0,0,0,0,0,0,0
11,935,2.1567,5.0211,4.2011,2.4993,4.9509,4.7406,1.3862,4.7375,6.0108,1.0726,7.0069,3.5359,0,0,0,0,0,0,0.0028617,0,0,0,0,0.21511,0.35917,0,1,0,0,0,0,0,0,0,0,0,0,0,1,0,0,0,0,0,0,0,0,0
12,916,1.3862,4.7375,6.0108,1.9585,5.1885,7.84,0.90983,3.8268,7.0206,2.1567,5.0211,4.2011,0,0,0,0,0,0,0.091539,0,0,0,0.093981,0.24629,0.2517,0.037462,1,0,0,0,0,0,0,0,0,0,0,0,1,0,0,0,0,0,0,0,0,0
13,937,0.90983,3.8268,7.0206,0.96427,3.543,7.3394,0.46817,6.4408,7.2413,1.3862,4.7375,6.0108,0,0,0,0,0,0,0,0,0,0,0.01851,0.54535,0.10515,0.0079896,1,0,0,0,0,0,0,0,0,0,0,0,1,0,0,0,0,0,0,0,0,0
14,952,0.46817,6.4408,7.2413,0.6428,6.7086,8.1416,0.30954,5.637,6.7515,0.90983,3.8268,7.0206,0,0,0,0,0,0,0.29752,0,0,0,0.0078269,0.22077,0.51053,0.058107,1,0,0,0,0,0,0,0,0,0,0,0,0,1,0,0,0,0,0,0,0,0
15,887,0.30954,5.637,6.7515,0.32294,4.9291,6.7001,1.4351,3.8726,7.4015,0.46817,6.4408,7.2413,0,0,1,0,0,0,0.098749,0,0,0,0,0.33569,0.1102,0.027644,1,0,0,0,0,0,0,0,0,0,0,0,0,1,0,0,0,0,0,0,0,0
16,957,1.4351,3.8726,7.4015,1.413,3.3217,7.6668,0.89845,4.7157,6.1351,0.30954,5.637,6.7515,0,0,0,0,0,0,0.29322,0,0,0,0,0.17203,0.37281,0,1,0,0,0,0,0,0,0,0,0,0,0,0,1,0,0,0,0,0,0,0,0
17,1012,0.89845,4.7157,6.1351,1.0022,4.3815,5.4237,1.1346,2.9813,6.2826,1.4351,3.8726,7.4015,0,0,0,0,0,0,0.25807,0,0,0,0,0.031928,0.36255,0,1,0,0,0,0,0,0,0,0,0,0,0,0,1,0,0,0,0,0,0,0,0
18,966,1.1346,2.9813,6.2826,1.0699,2.6275,5.4873,0.59171,6.3032,5.6862,0.89845,4.7157,6.1351,0,0,0,0,0,0,0.26206,0,0,0,0,0.082032,0.33512,0,1,0,0,0,0,0,0,0,0,0,0,0,0,0,1,0,0,0,0,0,0,0
19,976,0.59171,6.3032,5.6862,0.54158,5.2878,6.7326,5.4121,3.8478,5.1686,1.1346,2.9813,6.2826,0,0,0,0,0,0,0.0013288,0.28372,0,0,0,0,0.39869,0,1,0,0,0,0,0,0,0,0,0,0,0,0,0,1,0,0,0,0,0,0,0
20,956,5.4121,3.8478,5.1686,6.3336,4.4431,6.5677,9.3605,3.4535,11.196,0.59171,6.3032,5.6862,0,0,0,0,0,0,0.28758,0.10389,0,0,0,0,0.24801,0,1,0,0,0,0,0,0,0,0,0,0,0,0,0,1,0,0,0,0,0,0,0
21,909,9.3605,3.4535,11.196,10.942,3.3248,10.95,5.1981,1.9702,8.7285,5.4121,3.8478,5.1686,0,0,0,0,1,0,0.0013179,0.29089,0,0,0,0,0.55399,0,1,0,0,0,0,0,0,0,0,0,0,0,0,0,1,0,0,0,0,0,0,0
22,1021,5.1981,1.9702,8.7285,5.008,1.8259,8.9371,3.433,7.0939,6.9813,9.3605,3.4535,11.196,0,0,0,0,0,0,0.53113,0,0,0,0,0,0.75961,0,1,0,0,0,0,0,0,0,0,0,0,0,0,0,0,1,0,0,0,0,0,0
23,956,3.433,7.0939,6.9813,3.3912,4.9659,7.7587,2.228,15.308,5.1266,5.1981,1.9702,8.7285,0,0,0,0,0,0,0.11214,0.28294,0,0,0,0,0.41651,0,1,0,0,0,0,0,0,0,0,0,0,0,0,0,0,1,0,0,0,0,0,0
24,1042,2.228,15.308,5.1266,3.4249,15.34,6.7393,2.0234,9.3445,10.623,3.433,7.0939,6.9813,0,0,0,0,0,0,0.76292,0.055997,0,0,0,0,0.25357,0,1,0,0,0,0,0,0,0,0,0,0,0,0,0,0,1,0,0,0,0,0,0
25,1032,2.0234,9.3445,10.623,1.9313,8.3925,8.2532,3.8574,5.2749,14.514,2.228,15.308,5.1266,0,0,0,0,0,0,0.52889,0.40144,0,0,0,0,0.52477,0,1,0,0,0,0,0,0,0,0,0,0,0,0,0,0,1,0,0,0,0,0,0
26,961,3.8574,5.2749,14.514,3.2987,4.6198,13.659,5.7501,5.6141,9.759,2.0234,9.3445,10.623,0,0,0,0,0,0,0.61448,0.033272,0,0,0,0,0.39047,0,1,0,0,0,0,0,0,0,0,0,0,0,0,0,0,1,0,0,0,0,0,0
27,1052,5.7501,5.6141,9.759,5.6463,5.5681,9.8334,3.2608,6.2078,11.509,3.8574,5.2749,14.514,0,0,0,0,0,0,0.45661,0.4767,0,0,0,0,0.271,0,1,0,0,0,0,0,0,0,0,0,0,0,0,0,0,0,1,0,0,0,0,0
28,1015,3.2608,6.2078,11.509,3.8021,6.9294,11.93,2.2781,4.3964,12.59,5.7501,5.6141,9.759,0,0,0,0,0,0,0.18025,0.70488,0.11439,0,0,0,0.37238,0,1,0,0,0,0,0,0,0,0,0,0,0,0,0,0,0,1,0,0,0,0,0
29,964,2.2781,4.3964,12.59,1.992,3.721,11.964,1.2119,6.9485,12.115,3.2608,6.2078,11.509,0,0,0,0,0,0,0.62026,0.37172,0,0,0,0,0.37406,0,1,0,0,0,0,0,0,0,0,0,0,0,0,0,0,0,1,0,0,0,0,0
30,978,1.2119,6.9485,12.115,1.1067,6.9988,12.32,2.5261,4.2326,13.962,2.2781,4.3964,12.59,0,0,0,0,0,0,0.12248,0.78934,0.087785,0,0,0,0.35866,0,1,0,0,0,0,0,0,0,0,0,0,0,0,0,0,0,1,0,0,0,0,0
31,1029,2.5261,4.2326,13.962,2.5293,4.3519,14.419,1.3638,2.5542,15.683,1.2119,6.9485,12.115,0,0,0,0,0,0,0.49913,0.4239,0.023766,0,0,0,0.25829,0,1,0,0,0,0,0,0,0,0,0,0,0,0,0,0,0,0,1,0,0,0,0
32,1092,1.3638,2.5542,15.683,1.3826,2.3856,15.796,0.74571,7.2166,11.614,2.5261,4.2326,13.962,0,0,0,0,0,0,0.22249,0.77674,0,0,0,0,0.12809,0,1,0,0,0,0,0,0,0,0,0,0,0,0,0,0,0,0,1,0,0,0,0
33,975,0.74571,7.2166,11.614,0.48163,5.7043,10.843,3.3199,4.5838,8.7731,1.3638,2.5542,15.683,0,0,0,0,0,0,0.45332,0.28128,0.19538,0,0,0,0.22548,0,1,0,0,0,0,0,0,0,0,0,0,0,0,0,0,0,0,1,0,0,0,0
34,1021,3.3199,4.5838,8.7731,2.8504,4.1307,8.1871,2.2192,5.761,8.1993,0.74571,7.2166,11.614,0,0,0,0,0,0,0.50067,0.39676,0,0,0,0,0.35899,0,1,0,0,0,0,0,0,0,0,0,0,0,0,0,0,0,0,1,0,0,0,0
35,1088,2.2192,5.761,8.1993,2.1334,5.6319,6.8328,1.0048,3.4516,7.1479,3.3199,4.5838,8.7731,0,0,0,0,0,1,0.71144,0.21964,0,0,0,0,0.38948,0,1,0,0,0,0,0,0,0,0,0,0,0,0,0,0,0,0,0,1,0,0,0
36,1085,1.0048,3.4516,7.1479,0.88741,3.4857,6.7843,1.0897,3.4576,6.3841,2.2192,5.761,8.1993,0,0,0,0,0,0,0.32,0.11668,0,0,0,0,0.11944,0,1,0,0,0,0,0,0,0,0,0,0,0,0,0,0,0,0,0,1,0,0,0
37,1083,1.0897,3.4576,6.3841,0.86488,2.8605,5.8046,3.7859,3.8253,4.6943,1.0048,3.4516,7.1479,0,0,0,0,0,0,0.67032,0.20639,0,0,0,0,0.41132,0,1,0,0,0,0,0,0,0,0,0,0,0,0,0,0,0,0,0,1,0,0,0
38,847,3.7859,3.8253,4.6943,4.6748,3.0525,3.9492,4.8402,2.0266,6.009,1.0897,3.4576,6.3841,0,0,0,0,0,0,0.11051,0.08926,0,0,0.0082101,0.26851,0.50789,0,1,0,0,0,0,0,0,0,0,0,0,0,0,0,0,0,0,0,1,0,0,0
39,1012,4.8402,2.0266,6.009,4.2772,1.559,5.1883,4.8094,3.1547,6.601,3.7859,3.8253,4.6943,0,0,0,0,0,0,0.40317,0,0,0,0,0.0098232,0.36173,0,1,0,0,0,0,0,0,0,0,0,0,0,0,0,0,0,0,0,1,0,0,0
40,976,4.8094,3.1547,6.601,8.8269,2.6897,6.143,5.2038,2.8361,4.6164,4.8402,2.0266,6.009,0,0,0,0,0,0,0.30977,0,0,0,0,0.061566,0.40973,0,1,0,0,0,0,0,0,0,0,0,0,0,0,0,0,0,0,0,0,1,0,0
41,992,5.2038,2.8361,4.6164,4.839,2.414,3.6575,3.2407,2.2529,7.5489,4.8094,3.1547,6.601,0,0,0,0,0,0,0.37325,0,0,0,0,0.10926,0.41333,0,1,0,0,0,0,0,0,0,0,0,0,0,0,0,0,0,0,0,0,1,0,0
42,885,3.2407,2.2529,7.5489,2.2456,1.5915,6.6234,4.3121,1.1255,7.1893,5.2038,2.8361,4.6164,0,0,0,0,0,0,0.19793,0,0,0,0,0.26831,0.27496,0,1,0,0,0,0,0,0,0,0,0,0,0,0,0,0,0,0,0,0,1,0,0
43,908,4.3121,1.1255,7.1893,5.2043,1.0607,8.428,3.4614,1.8393,7.8262,3.2407,2.2529,7.5489,0,0,0,0,0,0,0.18905,0,0,0,0.0091179,0.18124,0.42899,0,1,0,0,0,0,0,0,0,0,0,0,0,0,0,0,0,0,0,0,1,0,0
44,838,3.4614,1.8393,7.8262,3.5579,1.5853,7.9489,2.6234,1.1295,16.334,4.3121,1.1255,7.1893,0,0,0,0,0,0,0,0,0,0.0074469,0.26735,0.29698,0.51788,0.022602,1,0,0,0,0,0,0,0,0,0,0,0,0,0,0,0,0,0,0,0,1,0
45,839,2.6234,1.1295,16.334,2.8587,0.71872,14.455,1.3456,6.3451,10.888,3.4614,1.8393,7.8262,0,0,0,0,0,0,0,0,0,0.015031,0.25368,0.40722,0.36226,0.33918,1,0,0,0,0,0,0,0,0,0,0,0,0,0,0,0,0,0,0,0,1,0
46,817,1.3456,6.3451,10.888,0.86394,5.9622,10.248,2.8205,7.4441,15.223,2.6234,1.1295,16.334,0,0,0,0,0,0,0,0,0,0,0.026962,0.74639,0.071183,0.10836,1,0,0,0,0,0,0,0,0,0,0,0,0,0,0,0,0,0,0,0,1,0
47,835,2.8205,7.4441,15.223,4.1002,8.9941,18.289,1.6331,4.3633,8.8173,1.3456,6.3451,10.888,0,0,0,0,0,0,0,0,0,0.00012572,0.13713,0.27704,0.27594,0.014212,1,0,0,0,0,0,0,0,0,0,0,0,0,0,0,0,0,0,0,0,1,0
48,884,1.6331,4.3633,8.8173,1.471,3.292,6.3402,1.037,2.575,8.0511,2.8205,7.4441,15.223,0,0,0,0,0,0,0,0,0,0.00031598,0.042787,0.68414,0.14458,0.086263,1,0,0,0,0,0,0,0,0,0,0,0,0,0,0,0,0,0,0,0,0,1
49,683,1.037,2.575,8.0511,0.9965,1.8968,6.9292,2.4769,3.7157,6.8793,1.6331,4.3633,8.8173,0,0,0,0,0,0,0,0,0,0.35233,0.0053519,0.64232,0.36798,0.12454,1,0,0,0,0,0,0,0,0,0,0,0,0,0,0,0,0,0,0,0,0,1
50,775,2.4769,3.7157,6.8793,3.4035,4.8276,9.2336,2.8459,3.0917,12.316,1.037,2.575,8.0511,0,0,0,0,0,0,0,0,0,0.021492,0.27803,0.33348,0.29858,0.10699,1,0,0,0,0,0,0,0,0,0,0,0,0,0,0,0,0,0,0,0,0,1
51,699,2.8459,3.0917,12.316,3.5904,4.7253,16.082,4.0904,6.0039,21.471,2.4769,3.7157,6.8793,1,0,0,0,0,0,0,0,0,0.043886,0.628,0.32812,0,0.2034,1,0,0,0,0,0,0,0,0,0,0,0,0,0,0,0,0,0,0,0,0,1
52,1103,4.0904,6.0039,21.471,2.6775,3.6195,11.364,1.9467,5.7689,9.8851,2.8459,3.0917,12.316,0,1,0,0,0,0,0,0,0,0.12648,0.38417,0.38063,0.29565,0.25139,1,0,0,0,0,0,0,0,0,0,0,0,0,0,0,0,0,0,0,0,0,1
53,1553,1.9467,5.7689,9.8851,2.5787,6.343,10.996,2.0852,8.5488,11.635,4.0904,6.0039,21.471,0,0,0,0,0,0,0,0,0,0.35939,0.017496,0.62312,0.023975,0.22426,0,1,0,0,0,0,0,0,0,0,1,0,0,0,0,0,0,0,0,0,0,0
54,1736,2.0852,8.5488,11.635,1.7783,7.077,8.9069,3.6953,5.6177,9.3826,1.9467,5.7689,9.8851,0,0,0,0,0,0,0,0,0,0.061949,0.068554,0.84335,0.14452,0.22855,0,1,0,0,0,0,0,0,0,0,1,0,0,0,0,0,0,0,0,0,0,0
55,1696,3.6953,5.6177,9.3826,2.732,4.9939,6.98,1.8023,4.3289,7.2507,2.0852,8.5488,11.635,0,0,0,0,0,0,0,0,0,0.28467,0.088992,0.43402,0.32002,0.124,0,1,0,0,0,0,0,0,0,0,1,0,0,0,0,0,0,0,0,0,0,0
56,1807,1.8023,4.3289,7.2507,1.427,4.0157,5.6019,1.2013,6.4808,8.052,3.6953,5.6177,9.3826,0,0,0,0,0,0,0,0,0,0.18408,0.22007,0.4045,0.47954,0.15355,0,1,0,0,0,0,0,0,0,0,1,0,0,0,0,0,0,0,0,0,0,0
57,1565,1.2013,6.4808,8.052,1.0333,5.7115,6.68,0.68359,7.8622,6.5157,1.8023,4.3289,7.2507,0,0,0,0,0,0,0,0,0,0.48247,0.22356,0.29397,0.49652,0.11857,0,1,0,0,0,0,0,0,0,0,0,1,0,0,0,0,0,0,0,0,0,0
58,1808,0.68359,7.8622,6.5157,0.52214,6.7773,5.4321,0.79792,5.977,12.479,1.2013,6.4808,8.052,0,0,0,0,0,0,0,0,0,0,0.019939,0.59837,0.14806,0.081929,0,1,0,0,0,0,0,0,0,0,0,1,0,0,0,0,0,0,0,0,0,0
59,1753,0.79792,5.977,12.479,0.72155,5.2714,11.591,0.85474,6.5484,8.8588,0.68359,7.8622,6.5157,0,0,0,0,0,0,0,0,0,0.18512,0.19489,0.37509,0.19178,0.28229,0,1,0,0,0,0,0,0,0,0,0,1,0,0,0,0,0,0,0,0,0,0
60,1859,0.85474,6.5484,8.8588,0.78348,6.5237,8.0104,0.539,4.5886,10.222,0.79792,5.977,12.479,0,0,0,0,0,0,0,0,0,0,0.027001,0.43549,0.22153,0.048943,0,1,0,0,0,0,0,0,0,0,0,1,0,0,0,0,0,0,0,0,0,0
61,1642,0.539,4.5886,10.222,0.35847,3.7242,8.6906,1.2787,2.9864,12.812,0.85474,6.5484,8.8588,0,0,0,0,0,0,0,0,0,0.15998,0.22294,0.1609,0.0070916,0.1968,0,1,0,0,0,0,0,0,0,0,0,0,1,0,0,0,0,0,0,0,0,0
62,1615,1.2787,2.9864,12.812,0.95184,2.7844,11.533,0.63557,4.5718,9.2216,0.539,4.5886,10.222,0,0,0,0,0,0,0,0,0,0.32787,0.33967,0.21632,0.15855,0.21712,0,1,0,0,0,0,0,0,0,0,0,0,1,0,0,0,0,0,0,0,0,0
63,1996,0.63557,4.5718,9.2216,0.57769,5.7097,10.347,0.33905,5.4584,8.2813,1.2787,2.9864,12.812,0,0,0,0,0,0,0,0,0,0,0.057015,0.41727,0.37235,0.052335,0,1,0,0,0,0,0,0,0,0,0,0,1,0,0,0,0,0,0,0,0,0
64,1836,0.33905,5.4584,8.2813,0.39349,5.8606,6.571,0.2965,4.2776,9.0188,0.63557,4.5718,9.2216,0,0,0,0,0,0,0,0,0,0.0011595,0.18578,0.59487,0.070861,0.016493,0,1,0,0,0,0,0,0,0,0,0,0,1,0,0,0,0,0,0,0,0,0
65,1782,0.2965,4.2776,9.0188,0.33234,4.0996,9.8032,0.24397,7.1436,6.8932,0.33905,5.4584,8.2813,0,0,0,0,0,0,0,0,0,0.011173,0,0.34311,0.44121,0.024849,0,1,0,0,0,0,0,0,0,0,0,0,1,0,0,0,0,0,0,0,0,0
66,1642,0.24397,7.1436,6.8932,0.15703,7.6504,6.9901,1.5452,6.7675,5.4889,0.2965,4.2776,9.0188,0,0,1,0,0,0,0.15311,0,0,0.002135,0.28156,0.14986,0.25015,0.0090325,0,1,0,0,0,0,0,0,0,0,0,0,0,1,0,0,0,0,0,0,0,0
67,1909,1.5452,6.7675,5.4889,1.7307,7.2005,4.7601,0.97297,6.1715,5.1532,0.24397,7.1436,6.8932,0,0,0,0,0,0,0.52161,0,0,0,0,0.25497,0.30119,0.0090739,0,1,0,0,0,0,0,0,0,0,0,0,0,1,0,0,0,0,0,0,0,0
68,2062,0.97297,6.1715,5.1532,0.93353,5.6584,4.2743,0.58126,5.2954,5.4268,1.5452,6.7675,5.4889,0,0,0,0,0,0,0.43883,0,0,0,0,0.095125,0.49794,0,0,1,0,0,0,0,0,0,0,0,0,0,0,1,0,0,0,0,0,0,0,0
69,1939,0.58126,5.2954,5.4268,0.54419,5.2419,5.0476,0.74091,5.8546,3.9629,0.97297,6.1715,5.1532,0,0,0,0,0,0,0.28285,0,0,0,0,0.16175,0.26244,0,0,1,0,0,0,0,0,0,0,0,0,0,0,1,0,0,0,0,0,0,0,0
70,1972,0.74091,5.8546,3.9629,0.52878,5.101,3.2354,0.56609,12.8,2.2715,0.58126,5.2954,5.4268,0,0,0,0,0,0,0.32261,0.14009,0,0,0,0.06297,0.26183,0,0,1,0,0,0,0,0,0,0,0,0,0,0,0,1,0,0,0,0,0,0,0
71,1957,0.56609,12.8,2.2715,0.592,16.161,2.3432,0.3089,11.781,2.7028,0.74091,5.8546,3.9629,0,0,0,0,0,0,0.50623,0,0,0,0,0.063934,0.25398,0,0,1,0,0,0,0,0,0,0,0,0,0,0,0,1,0,0,0,0,0,0,0
72,2080,0.3089,11.781,2.7028,0.26718,14.121,3.5597,0.17214,19.605,5.1174,0.56609,12.8,2.2715,0,0,0,0,0,0,0.46353,0.30358,0,0,0,0,0.21451,0,0,1,0,0,0,0,0,0,0,0,0,0,0,0,1,0,0,0,0,0,0,0
73,2037,0.17214,19.605,5.1174,0.16955,15.372,3.875,0.090822,12.658,5.1967,0.3089,11.781,2.7028,0,0,0,0,1,0,0.014256,0.43676,0,0,0,0,0.45746,0,0,1,0,0,0,0,0,0,0,0,0,0,0,0,1,0,0,0,0,0,0,0
74,2043,0.090822,12.658,5.1967,0.063948,11.235,4.9463,5.6799,9.1857,3.3576,0.17214,19.605,5.1174,0,0,0,0,0,0,0.1935,0,0,0,0,0,0.069759,0,0,1,0,0,0,0,0,0,0,0,0,0,0,0,1,0,0,0,0,0,0,0
75,1938,5.6799,9.1857,3.3576,6.7007,7.9803,3.0061,4.153,5.5912,6.6559,0.090822,12.658,5.1967,0,0,0,0,0,0,0.36267,0.25889,0,0,0,0,0.05741,0,0,1,0,0,0,0,0,0,0,0,0,0,0,0,0,1,0,0,0,0,0,0
76,2072,4.153,5.5912,6.6559,5.274,6.3364,6.1687,8.6853,4.0939,8.4609,5.6799,9.1857,3.3576,0,0,0,0,0,0,0.72385,0.27615,0,0,0,0,0.2408,0,0,1,0,0,0,0,0,0,0,0,0,0,0,0,0,1,0,0,0,0,0,0
77,1931,8.6853,4.0939,8.4609,10.919,4.5433,8.3104,6.2752,3.0691,13.664,4.153,5.5912,6.6559,0,0,0,0,0,0,0.1601,0.47797,0,0,0,0,0.23549,0,0,1,0,0,0,0,0,0,0,0,0,0,0,0,0,1,0,0,0,0,0,0
78,2074,6.2752,3.0691,13.664,7.9147,3.4682,17.696,5.0968,13.955,17.451,8.6853,4.0939,8.4609,0,0,0,0,0,0,0.32188,0.58513,0,0,0,0,0.25264,0,0,1,0,0,0,0,0,0,0,0,0,0,0,0,0,1,0,0,0,0,0,0
79,1865,5.0968,13.955,17.451,3.977,15.725,13.136,2.3578,11.83,9.7133,6.2752,3.0691,13.664,0,0,0,0,0,0,0.74109,0.25891,0,0,0,0,0.35185,0,0,1,0,0,0,0,0,0,0,0,0,0,0,0,0,0,1,0,0,0,0,0
80,2023,2.3578,11.83,9.7133,1.9947,10.966,7.881,1.33,9.6628,7.8767,5.0968,13.955,17.451,0,0,0,0,0,0,0.68086,0.28347,0,0,0,0,0.41981,0,0,1,0,0,0,0,0,0,0,0,0,0,0,0,0,0,1,0,0,0,0,0
81,2049,1.33,9.6628,7.8767,1.4356,9.6988,7.8992,2.072,9.631,7.3389,2.3578,11.83,9.7133,0,0,0,0,0,0,0.18293,0.53999,0,0,0,0,0.30157,0,0,1,0,0,0,0,0,0,0,0,0,0,0,0,0,0,1,0,0,0,0,0
82,1985,2.072,9.631,7.3389,2.1618,12.164,8.1843,1.1558,7.6694,9.0002,1.33,9.6628,7.8767,0,0,0,0,0,0,0.64872,0.031717,0.08736,0,0,0,0.46712,0,0,1,0,0,0,0,0,0,0,0,0,0,0,0,0,0,1,0,0,0,0,0
83,2041,1.1558,7.6694,9.0002,1.2335,9.4003,9.2254,2.661,6.0913,8.2766,2.072,9.631,7.3389,0,0,0,0,0,0,0.66581,0.19316,0,0,0,0,0.45883,0,0,1,0,0,0,0,0,0,0,0,0,0,0,0,0,0,0,1,0,0,0,0
84,2010,2.661,6.0913,8.2766,2.4509,5.8213,8.091,1.9366,5.6335,8.7371,1.1558,7.6694,9.0002,0,0,0,0,0,0,0.61764,0.07113,0.051085,0,0,0,0.38853,0,0,1,0,0,0,0,0,0,0,0,0,0,0,0,0,0,0,1,0,0,0,0
85,1979,1.9366,5.6335,8.7371,1.8046,5.6669,9.3221,1.2002,6.8116,8.0216,2.661,6.0913,8.2766,0,0,0,0,0,0,0.63893,0.10318,0,0,0,0,0.048461,0,0,1,0,0,0,0,0,0,0,0,0,0,0,0,0,0,0,1,0,0,0,0
86,1996,1.2002,6.8116,8.0216,1.1791,7.0666,8.7947,3.0205,5.5408,8.4873,1.9366,5.6335,8.7371,0,0,0,0,0,0,0.63609,0.28411,0,0,0,0,0.5081,0,0,1,0,0,0,0,0,0,0,0,0,0,0,0,0,0,0,1,0,0,0,0
87,2054,3.0205,5.5408,8.4873,1.8844,4.2802,7.0805,2.6053,3.1095,5.7923,1.2002,6.8116,8.0216,0,0,0,0,0,1,0.81445,0.092442,0,0,0,0,0.0068955,0,0,1,0,0,0,0,0,0,0,0,0,0,0,0,0,0,0,1,0,0,0,0
88,2106,2.6053,3.1095,5.7923,2.3275,2.5375,5.4275,3.5532,2.4402,5.3719,3.0205,5.5408,8.4873,0,0,0,0,0,0,0.43417,0.26792,0,0,0,0,0.50012,0,0,1,0,0,0,0,0,0,0,0,0,0,0,0,0,0,0,0,1,0,0,0
89,1927,3.5532,2.4402,5.3719,3.1987,1.839,4.631,3.4941,1.2966,7.6083,2.6053,3.1095,5.7923,0,0,0,0,0,0,0.36843,0,0,0,0,0,0.33586,0,0,1,0,0,0,0,0,0,0,0,0,0,0,0,0,0,0,0,1,0,0,0
90,1924,3.4941,1.2966,7.6083,3.6664,1.5592,8.4285,2.0404,3.5984,6.2342,3.5532,2.4402,5.3719,0,0,0,0,0,0,0.28083,0,0,0,0,0,0.38734,0,0,1,0,0,0,0,0,0,0,0,0,0,0,0,0,0,0,0,1,0,0,0
91,1903,2.0404,3.5984,6.2342,1.8447,3.3642,4.6025,3.0422,2.2718,6.5834,3.4941,1.2966,7.6083,0,0,0,0,0,0,0.39641,0,0,0,0,0.0032212,0.38947,0,0,1,0,0,0,0,0,0,0,0,0,0,0,0,0,0,0,0,1,0,0,0
92,1911,3.0422,2.2718,6.5834,2.1418,1.8576,6.243,6.1419,2.7373,5.9354,2.0404,3.5984,6.2342,0,0,0,0,0,0,0.094854,0,0,0,0,0.05627,0,0,0,1,0,0,0,0,0,0,0,0,0,0,0,0,0,0,0,0,0,1,0,0
93,1899,6.1419,2.7373,5.9354,6.7866,2.3927,5.5419,3.9759,4.4171,4.639,3.0422,2.2718,6.5834,0,0,0,0,0,0,0.14588,0,0,0,0,0.055906,0.026109,0,0,1,0,0,0,0,0,0,0,0,0,0,0,0,0,0,0,0,0,1,0,0
94,1974,3.9759,4.4171,4.639,3.3337,4.2751,3.5671,2.6477,4.2416,5.2537,6.1419,2.7373,5.9354,0,0,0,0,0,0,0.15705,0,0,0,0,0.038776,0.32665,0.012537,0,1,0,0,0,0,0,0,0,0,0,0,0,0,0,0,0,0,0,1,0,0
95,2047,2.6477,4.2416,5.2537,3.1762,4.4714,5.4237,2.0806,5.7809,5.7467,3.9759,4.4171,4.639,0,0,0,0,0,0,0,0,0,0,0,0.11364,0.19867,0.028278,0,1,0,0,0,0,0,0,0,0,0,0,0,0,0,0,0,0,0,1,0,0
96,1830,2.0806,5.7809,5.7467,1.751,5.5659,5.19,10.796,3.5155,3.3406,2.6477,4.2416,5.2537,0,0,0,0,0,0,0.14977,0,0,0,0.057691,0.48367,0.29777,0,0,1,0,0,0,0,0,0,0,0,0,0,0,0,0,0,0,0,0,0,1,0
97,1644,10.796,3.5155,3.3406,11.373,3.2337,2.2968,6.9294,2.2153,10.587,2.0806,5.7809,5.7467,0,0,0,0,0,0,0,0,0,0,0.062849,0.44049,0.49449,0,0,1,0,0,0,0,0,0,0,0,0,0,0,0,0,0,0,0,0,0,1,0
98,1694,6.9294,2.2153,10.587,5.9486,1.9532,8.6014,3.9982,8.6988,8.6753,10.796,3.5155,3.3406,0,0,0,0,0,0,0,0,0,0,0.063387,0.3227,0.25119,0.017634,0,1,0,0,0,0,0,0,0,0,0,0,0,0,0,0,0,0,0,0,1,0
99,1785,3.9982,8.6988,8.6753,6.5752,10.989,12.405,5.25,8.2922,18.046,6.9294,2.2153,10.587,0,0,0,0,0,0,0,0,0,0.0078155,0.056625,0.63378,0.4178,0,0,1,0,0,0,0,0,0,0,0,0,0,0,0,0,0,0,0,0,0,1,0
100,1629,5.25,8.2922,18.046,3.401,5.4263,12.155,1.5964,4.6758,6.1038,3.9982,8.6988,8.6753,0,0,0,0,0,0,0,0,0,0,0.0092827,0.46432,0.44727,0.040759,0,1,0,0,0,0,0,0,0,0,0,0,0,0,0,0,0,0,0,0,1,0
101,1771,1.5964,4.6758,6.1038,1.1894,3.6082,4.8492,0.83927,4.2478,9.12,5.25,8.2922,18.046,0,0,0,0,0,0,0,0,0,0.0018856,0.0041226,0.54211,0.6008,0.06425,0,1,0,0,0,0,0,0,0,0,0,0,0,0,0,0,0,0,0,0,0,1
102,1760,0.83927,4.2478,9.12,0.82397,4.1779,9.5478,1.901,2.5373,13.493,1.5964,4.6758,6.1038,0,0,0,0,0,0,0,0,0,0.0040132,0.016227,0.49888,0.5369,0.010923,0,1,0,0,0,0,0,0,0,0,0,0,0,0,0,0,0,0,0,0,0,1
103,1498,1.901,2.5373,13.493,2.8402,2.9129,12.732,3.0424,3.3895,20.971,0.83927,4.2478,9.12,0,0,0,0,0,0,0,0,0,0.16231,0.49447,0.31575,0.046866,0,0,1,0,0,0,0,0,0,0,0,0,0,0,0,0,0,0,0,0,0,0,1
104,1650,3.0424,3.3895,20.971,3.9141,3.3866,17.279,2.7497,2.3426,14.469,1.901,2.5373,13.493,0,0,0,0,0,0,0,0,0,0.15232,0,0.12112,0.58494,0,0,1,0,0,0,0,0,0,0,0,0,0,0,0,0,0,0,0,0,0,0,1
105,2358,2.7497,2.3426,14.469,2.8204,1.6436,10.802,3.9748,3.3669,10.683,3.0424,3.3895,20.971,0,0,0,0,0,0,0,0,0,0.077822,0.037259,0.23165,0.57271,0.01252,0,0,1,0,0,0,0,0,0,0,1,0,0,0,0,0,0,0,0,0,0,0
106,2074,3.9748,3.3669,10.683,4.5991,3.1042,10.01,6.1237,2.2906,11.618,2.7497,2.3426,14.469,0,0,0,0,0,0,0,0,0,0.41882,0.10773,0.33687,0.32159,0.25873,0,0,1,0,0,0,0,0,0,0,1,0,0,0,0,0,0,0,0,0,0,0
107,2127,6.1237,2.2906,11.618,6.1892,2.2652,9.7036,3.5085,1.3884,8.2308,3.9748,3.3669,10.683,0,0,0,0,0,0,0,0,0,0.38561,0.30394,0.31045,0.047527,0.27179,0,0,1,0,0,0,0,0,0,0,1,0,0,0,0,0,0,0,0,0,0,0
108,2408,3.5085,1.3884,8.2308,3.8889,1.3002,7.0955,3.0134,2.0771,16.571,6.1237,2.2906,11.618,0,0,0,0,0,0,0,0,0,0.10584,0.40072,0.21831,0.33147,0.028058,0,0,1,0,0,0,0,0,0,0,1,0,0,0,0,0,0,0,0,0,0,0
109,2485,3.0134,2.0771,16.571,2.6421,1.6767,6.986,1.813,5.4169,11.508,3.5085,1.3884,8.2308,0,0,0,0,0,0,0,0,0,0.0024098,0.026392,0.4372,0.17756,0,0,0,1,0,0,0,0,0,0,0,1,0,0,0,0,0,0,0,0,0,0,0
110,2393,1.813,5.4169,11.508,1.3696,5.2048,5.9535,1.2796,8.0386,15.339,3.0134,2.0771,16.571,0,0,0,0,0,0,0,0,0,0.002482,0.28195,0.34414,0.28853,0.23606,0,0,1,0,0,0,0,0,0,0,0,1,0,0,0,0,0,0,0,0,0,0
111,2245,1.2796,8.0386,15.339,1.1514,7.1915,9.7607,1.4765,9.9763,8.49,1.813,5.4169,11.508,0,0,0,0,0,0,0,0,0,0.037297,0.19418,0.48902,0.51352,0.031444,0,0,1,0,0,0,0,0,0,0,0,1,0,0,0,0,0,0,0,0,0,0
112,2418,1.4765,9.9763,8.49,1.8837,7.3403,6.1711,1.1931,9.4796,7.4632,1.2796,8.0386,15.339,0,0,0,0,0,0,0.10075,0,0,0.0027415,0.32025,0.22951,0.31752,0.069111,0,0,1,0,0,0,0,0,0,0,0,1,0,0,0,0,0,0,0,0,0,0
113,2579,1.1931,9.4796,7.4632,1.3102,7.6716,5.0629,0.79608,6.2093,11.172,1.4765,9.9763,8.49,0,0,0,0,0,0,0.1859,0,0,0.073366,0.039113,0.41162,0.47986,0.096404,0,0,1,0,0,0,0,0,0,0,0,1,0,0,0,0,0,0,0,0,0,0
114,2473,0.79608,6.2093,11.172,0.7385,5.269,10.383,0.49243,8.843,8.2814,1.1931,9.4796,7.4632,0,0,0,0,0,0,0,0,0,0.0027173,0.096797,0.44329,0.24255,0,0,0,1,0,0,0,0,0,0,0,0,0,1,0,0,0,0,0,0,0,0,0
115,2384,0.49243,8.843,8.2814,0.82379,6.6571,6.3163,0.50403,4.3591,14.812,0.79608,6.2093,11.172,0,0,0,0,0,0,0,0,0,0.07103,0.22794,0.25681,0.3819,0.061529,0,0,1,0,0,0,0,0,0,0,0,0,1,0,0,0,0,0,0,0,0,0
116,2531,0.50403,4.3591,14.812,0.36189,3.7367,13.896,0.26849,5.9032,12.337,0.49243,8.843,8.2814,0,0,0,0,0,0,0.10464,0,0,0.00019588,0,0.36284,0.19271,0,0,0,1,0,0,0,0,0,0,0,0,0,1,0,0,0,0,0,0,0,0,0
117,2523,0.26849,5.9032,12.337,0.26861,5.1076,11.838,1.3118,6.8712,9.8466,0.50403,4.3591,14.812,0,0,1,0,0,0,0.29578,0,0,0,0,0.27267,0.46506,0,0,0,1,0,0,0,0,0,0,0,0,0,1,0,0,0,0,0,0,0,0,0
118,2507,1.3118,6.8712,9.8466,1.2738,7.2349,9.7782,4.687,5.8517,6.6023,0.26849,5.9032,12.337,0,0,0,0,0,0,0.28964,0,0,0,0.068954,0.20519,0.30983,0.10717,0,0,1,0,0,0,0,0,0,0,0,0,0,1,0,0,0,0,0,0,0,0
119,2520,4.687,5.8517,6.6023,5.5752,6.0266,5.8862,3.2745,6.1571,4.775,1.3118,6.8712,9.8466,0,0,0,0,0,0,0,0,0,0.086164,0.081495,0.3335,0.44397,0.086164,0,0,1,0,0,0,0,0,0,0,0,0,0,1,0,0,0,0,0,0,0,0
120,2714,3.2745,6.1571,4.775,3.2664,5.8241,3.9601,2.068,7.0833,4.6125,4.687,5.8517,6.6023,0,0,0,0,0,0,0,0,0,0,0.059348,0.12274,0.23212,0,0,0,1,0,0,0,0,0,0,0,0,0,0,1,0,0,0,0,0,0,0,0
121,2658,2.068,7.0833,4.6125,1.8854,6.5261,4.0736,1.3464,6.9209,6.0907,3.2745,6.1571,4.775,0,0,0,0,0,0,0,0,0,0,0,0.28173,0.18785,0,0,0,1,0,0,0,0,0,0,0,0,0,0,1,0,0,0,0,0,0,0,0
122,2717,1.3464,6.9209,6.0907,1.1757,6.058,5.31,0.74936,7.523,5.5719,2.068,7.0833,4.6125,0,0,0,0,0,0,0.088354,0,0,0,0,0.22986,0.43691,0,0,0,1,0,0,0,0,0,0,0,0,0,0,0,1,0,0,0,0,0,0,0
123,2661,0.74936,7.523,5.5719,1.3361,8.342,5.9052,0.82108,6.1471,4.7777,1.3464,6.9209,6.0907,0,0,0,0,0,0,0.16587,0,0,0,0,0.093716,0.2167,0,0,0,1,0,0,0,0,0,0,0,0,0,0,0,1,0,0,0,0,0,0,0
124,2849,0.82108,6.1471,4.7777,0.98057,6.8067,5.3435,0.61649,18.908,6.1421,0.74936,7.523,5.5719,0,0,0,0,0,0,0.52968,0.0092631,0,0,0,0.059047,0.25875,0,0,0,1,0,0,0,0,0,0,0,0,0,0,0,1,0,0,0,0,0,0,0
125,2706,0.61649,18.908,6.1421,0.55725,14.736,4.7694,0.38193,10.016,6.0731,0.82108,6.1471,4.7777,0,0,0,0,1,0,0.22349,0,0,0,0,0,0.34241,0,0,0,1,0,0,0,0,0,0,0,0,0,0,0,1,0,0,0,0,0,0,0
126,2749,0.38193,10.016,6.0731,0.37542,8.7234,5.66,5.4919,5.2794,4.2664,0.61649,18.908,6.1421,0,0,0,0,0,0,0.44859,0.024459,0,0,0,0,0.26135,0,0,0,1,0,0,0,0,0,0,0,0,0,0,0,1,0,0,0,0,0,0,0
127,2490,5.4919,5.2794,4.2664,5.9316,5.3939,4.5094,3.5979,7.1945,2.8946,0.38193,10.016,6.0731,0,0,0,0,0,0,0.03471,0,0,0,0,0,0.38594,0,0,0,1,0,0,0,0,0,0,0,0,0,0,0,0,1,0,0,0,0,0,0
128,2828,3.5979,7.1945,2.8946,4.0322,6.644,2.5159,2.4037,13.212,6.3202,5.4919,5.2794,4.2664,0,0,0,0,0,0,0.47889,0,0,0,0,0,0.65707,0,0,0,1,0,0,0,0,0,0,0,0,0,0,0,0,1,0,0,0,0,0,0
129,2826,2.4037,13.212,6.3202,2.2722,9.7389,7.6984,6.48,5.4705,8.7808,3.5979,7.1945,2.8946,0,0,0,0,0,0,0.6354,0.25386,0,0,0,0,0.37761,0,0,0,1,0,0,0,0,0,0,0,0,0,0,0,0,1,0,0,0,0,0,0
130,2764,6.48,5.4705,8.7808,7.7956,4.6613,8.0711,4.1208,12.637,6.6322,2.4037,13.212,6.3202,0,0,0,0,0,0,0.84314,0.05575,0,0,0,0,0.2815,0,0,0,1,0,0,0,0,0,0,0,0,0,0,0,0,1,0,0,0,0,0,0
131,2706,4.1208,12.637,6.6322,5.4514,13.194,7.7403,3.3567,8.0317,10.166,6.48,5.4705,8.7808,0,0,0,1,0,0,0.26372,0.38194,0,0,0,0,0.083033,0,0,0,1,0,0,0,0,0,0,0,0,0,0,0,0,0,1,0,0,0,0,0
132,2812,3.3567,8.0317,10.166,3.6237,7.5696,10.298,2.3812,5.9866,13.447,4.1208,12.637,6.6322,0,0,0,0,0,0,0.71619,0.2551,0,0,0,0,0.064611,0,0,0,1,0,0,0,0,0,0,0,0,0,0,0,0,0,1,0,0,0,0,0
133,2837,2.3812,5.9866,13.447,2.2875,5.5397,13.354,9.5063,3.5539,10.43,3.3567,8.0317,10.166,0,0,0,0,0,0,0.47568,0.49604,0,0,0,0,0.17536,0,0,0,1,0,0,0,0,0,0,0,0,0,0,0,0,0,1,0,0,0,0,0
134,2877,9.5063,3.5539,10.43,10.699,3.23,9.9538,6.7021,6.5313,9.6412,2.3812,5.9866,13.447,0,0,0,0,0,0,0.69623,0.26735,0,0,0,0,0.51778,0,0,0,1,0,0,0,0,0,0,0,0,0,0,0,0,0,1,0,0,0,0,0
135,2653,6.7021,6.5313,9.6412,7.8719,6.0978,11.133,4.4456,7.8232,7.7474,9.5063,3.5539,10.43,0,0,0,0,0,0,0.82159,0.12525,0,0,0,0,0.33298,0,0,0,1,0,0,0,0,0,0,0,0,0,0,0,0,0,0,1,0,0,0,0
136,2728,4.4456,7.8232,7.7474,4.492,7.7246,7.9099,5.0599,8.1046,5.2491,6.7021,6.5313,9.6412,0,0,0,0,0,0,0.70301,0.075294,0,0,0,0,0.13642,0,0,0,1,0,0,0,0,0,0,0,0,0,0,0,0,0,0,1,0,0,0,0
137,2904,5.0599,8.1046,5.2491,4.4489,6.7197,4.2743,3.0048,11.144,3.8671,4.4456,7.8232,7.7474,0,0,0,0,0,0,0.41742,0.40759,0,0,0,0,0.26527,0,0,0,1,0,0,0,0,0,0,0,0,0,0,0,0,0,0,1,0,0,0,0
138,2775,3.0048,11.144,3.8671,3.6698,12.716,4.3665,3.8989,8.4729,4.7789,5.0599,8.1046,5.2491,0,0,0,0,0,0,0.59988,0.096215,0,0,0,0,0.25344,0,0,0,1,0,0,0,0,0,0,0,0,0,0,0,0,0,0,1,0,0,0,0
139,2997,3.8989,8.4729,4.7789,3.4141,7.2074,3.8117,2.2334,6.4573,2.5885,3.0048,11.144,3.8671,0,0,0,0,0,1,0.46504,0.26701,0,0,0,0,0.28762,0,0,0,1,0,0,0,0,0,0,0,0,0,0,0,0,0,0,1,0,0,0,0
140,2845,2.2334,6.4573,2.5885,2.1429,5.6188,2.7211,1.564,7.551,2.4576,3.8989,8.4729,4.7789,0,0,0,0,0,0,0.81338,0.00823,0,0,0,0,0.17555,0,0,0,1,0,0,0,0,0,0,0,0,0,0,0,0,0,0,0,1,0,0,0
141,2878,1.564,7.551,2.4576,1.5243,6.6359,1.7178,2.5464,5.7581,5.5655,2.2334,6.4573,2.5885,0,0,0,0,0,0,0.63824,0,0,0,0,0,0.34917,0,0,0,1,0,0,0,0,0,0,0,0,0,0,0,0,0,0,0,1,0,0,0
142,2806,2.5464,5.7581,5.5655,1.9387,4.8347,5.2525,1.2278,7.9253,6.4171,1.564,7.551,2.4576,0,0,0,0,0,0,0.25624,0.20974,0,0,0,0.0024338,0.31057,0,0,0,1,0,0,0,0,0,0,0,0,0,0,0,0,0,0,0,1,0,0,0
143,2601,1.2278,7.9253,6.4171,1.0322,7.6646,6.1131,1.2597,8.5137,4.7828,2.5464,5.7581,5.5655,0,0,0,0,0,0,0.21439,0,0,0,0,6.2534e-05,0.35813,0,0,0,1,0,0,0,0,0,0,0,0,0,0,0,0,0,0,0,1,0,0,0
144,2720,1.2597,8.5137,4.7828,1.0696,8.1818,3.7663,0.61254,9.4195,4.3304,1.2278,7.9253,6.4171,0,0,0,0,0,0,0.51906,0.030475,0,0,0,0,0.098007,0,0,0,1,0,0,0,0,0,0,0,0,0,0,0,0,0,0,0,0,1,0,0
145,2697,0.61254,9.4195,4.3304,0.3186,8.3754,3.8643,4.1669,8.5238,3.3201,1.2597,8.5137,4.7828,0,0,0,0,0,0,0.50401,0,0,0,0,0.066883,0.17056,0,0,0,1,0,0,0,0,0,0,0,0,0,0,0,0,0,0,0,0,1,0,0
146,2402,4.1669,8.5238,3.3201,4.8622,9.0154,3.3883,3.1242,6.9858,4.0652,0.61254,9.4195,4.3304,0,0,0,0,0,0,0,0,0,0,0,0.18249,0.18666,0,0,0,1,0,0,0,0,0,0,0,0,0,0,0,0,0,0,0,0,1,0,0
147,2453,3.1242,6.9858,4.0652,3.1567,6.4233,4.0476,2.3852,7.7473,2.6773,4.1669,8.5238,3.3201,0,0,0,0,0,0,0,0,0,0.047424,0.028947,0.24719,0.37978,0.1926,0,0,1,0,0,0,0,0,0,0,0,0,0,0,0,0,0,0,0,1,0,0
148,2752,2.3852,7.7473,2.6773,2.2156,7.8589,2.8862,6.8326,6.2972,4.8251,3.1242,6.9858,4.0652,0,0,0,0,0,0,0,0,0,0,0,0.22486,0.37682,0,0,0,1,0,0,0,0,0,0,0,0,0,0,0,0,0,0,0,0,1,0,0
149,2384,6.8326,6.2972,4.8251,5.4591,6.093,4.0249,7.6829,4.5405,5.727,2.3852,7.7473,2.6773,0,0,0,0,0,0,0,0,0,0,0,0.23257,0.22205,0,0,0,1,0,0,0,0,0,0,0,0,0,0,0,0,0,0,0,0,0,1,0
150,2249,7.6829,4.5405,5.727,6.4478,3.0061,4.5681,3.9834,9.5328,6.3894,6.8326,6.2972,4.8251,0,0,0,0,0,0,0,0,0,0.233,0.18008,0.26101,0.30769,0.27411,0,0,1,0,0,0,0,0,0,0,0,0,0,0,0,0,0,0,0,0,1,0
151,2443,3.9834,9.5328,6.3894,3.8217,8.6685,5.5282,6.7884,6.381,11.047,7.6829,4.5405,5.727,0,0,0,0,0,0,0,0,0,0,0.089165,0.52469,0.33424,0,0,0,1,0,0,0,0,0,0,0,0,0,0,0,0,0,0,0,0,0,1,0
152,2200,6.7884,6.381,11.047,7.1725,7.2933,8.2915,3.1491,3.4488,4.5234,3.9834,9.5328,6.3894,0,0,0,0,0,0,0,0,0,0,0.0055845,0.33574,0.24655,0,0,0,1,0,0,0,0,0,0,0,0,0,0,0,0,0,0,0,0,0,1,0
153,2269,3.1491,3.4488,4.5234,2.2804,2.7718,3.1211,9.9863,2.8784,4.942,6.7884,6.381,11.047,0,0,0,0,0,0,0,0,0,0,0.29742,0.47809,0.11797,0.21179,0,0,1,0,0,0,0,0,0,0,0,0,0,0,0,0,0,0,0,0,0,1
154,2041,9.9863,2.8784,4.942,5.9767,2.6052,4.6153,3.5413,13.222,4.2276,3.1491,3.4488,4.5234,0,0,0,0,0,0,0,0,0,8.93e-05,0.32117,0.3957,0.19021,0.43373,0,0,1,0,0,0,0,0,0,0,0,0,0,0,0,0,0,0,0,0,0,1
155,2221,3.5413,13.222,4.2276,2.9211,18.136,6.8182,2.766,21.408,9.0318,9.9863,2.8784,4.942,0,0,0,0,0,0,0,0,0,0.0029129,0.23889,0.54571,0,0.039697,0,0,1,0,0,0,0,0,0,0,0,0,0,0,0,0,0,0,0,0,0,1
156,2038,2.766,21.408,9.0318,2.8397,23.228,9.6168,1.8988,17.079,7.5369,3.5413,13.222,4.2276,0,0,0,0,0,0,0,0,0,0.027848,0.37601,0.35074,0.30824,0.34129,0,0,1,0,0,0,0,0,0,0,0,0,0,0,0,0,0,0,0,0,0,1
157,3041,1.8988,17.079,7.5369,1.7216,17.403,5.6301,1.9331,12.018,7.241,2.766,21.408,9.0318,0,0,0,0,0,0,0,0,0,0.0027946,0.0081394,0.29683,0.324,0.00887,0,0,0,1,0,0,0,0,0,0,1,0,0,0,0,0,0,0,0,0,0,0
158,2895,1.9331,12.018,7.241,1.8659,14.977,7.5267,1.1085,16.28,6.6471,1.8988,17.079,7.5369,0,0,0,0,0,0,0,0,0,0.079727,0.22008,0.17877,0.17616,0.12397,0,0,0,1,0,0,0,0,0,0,1,0,0,0,0,0,0,0,0,0,0,0
159,2879,1.1085,16.28,6.6471,0.82528,18.965,6.2781,0.43598,13.259,4.6339,1.9331,12.018,7.241,0,0,0,0,0,0,0,0,0,0.022656,0.097431,0.38227,0.26002,0.12134,0,0,0,1,0,0,0,0,0,0,1,0,0,0,0,0,0,0,0,0,0,0
160,3074,0.43598,13.259,4.6339,0.32123,11.665,4.3008,2.9167,10.92,6.6896,1.1085,16.28,6.6471,0,0,0,0,0,0,0,0,0,0.0018253,0.12359,0.38738,0.20405,0.16527,0,0,0,1,0,0,0,0,0,0,1,0,0,0,0,0,0,0,0,0,0,0
161,2970,2.9167,10.92,6.6896,2.3756,9.5362,5.0242,3.3975,8.0385,5.982,0.43598,13.259,4.6339,0,0,0,0,0,0,0,0,0,0,0.064082,0.6058,0.32471,0.11305,0,0,0,1,0,0,0,0,0,0,1,0,0,0,0,0,0,0,0,0,0,0
162,2840,3.3975,8.0385,5.982,2.4678,9.0779,5.021,1.828,13.395,11.368,2.9167,10.92,6.6896,0,0,0,0,0,0,0,0,0,0.00035786,0.064418,0.52978,0.24452,0.072691,0,0,0,1,0,0,0,0,0,0,0,1,0,0,0,0,0,0,0,0,0,0
163,2889,1.828,13.395,11.368,1.2763,11.578,10.46,0.59486,9.3927,8.0744,3.3975,8.0385,5.982,0,0,0,0,0,0,0,0,0,0.017358,0.079684,0.42401,0.24929,0,0,0,0,1,0,0,0,0,0,0,0,1,0,0,0,0,0,0,0,0,0,0
164,2990,0.59486,9.3927,8.0744,0.39999,8.9207,7.4604,1.5969,7.6699,7.2879,1.828,13.395,11.368,0,0,0,0,0,0,0,0,0,0,0.054169,0.25839,0.33886,0.0030115,0,0,0,1,0,0,0,0,0,0,0,1,0,0,0,0,0,0,0,0,0,0
165,3207,1.5969,7.6699,7.2879,1.2482,6.3344,5.5286,0.69388,10.558,6.9955,0.59486,9.3927,8.0744,0,0,0,0,0,0,0,0,0,0,0.18243,0.17143,0.24582,0.052707,0,0,0,1,0,0,0,0,0,0,0,1,0,0,0,0,0,0,0,0,0,0
166,2913,0.69388,10.558,6.9955,0.66764,10.234,5.9854,0.37664,12.752,4.9309,1.5969,7.6699,7.2879,0,0,0,0,0,0,0,0,0,0.051019,0.10657,0.32104,0.53621,0.10699,0,0,0,1,0,0,0,0,0,0,0,0,1,0,0,0,0,0,0,0,0,0
167,3141,0.37664,12.752,4.9309,0.22362,12.999,4.3371,0.1372,12.922,5.7901,0.69388,10.558,6.9955,0,0,0,0,0,0,0,0,0,0.0034426,0.22409,0.33712,0.326,0.10177,0,0,0,1,0,0,0,0,0,0,0,0,1,0,0,0,0,0,0,0,0,0
168,3159,0.1372,12.922,5.7901,0.11453,12.191,4.7747,0.072945,9.2884,7.918,0.37664,12.752,4.9309,0,0,0,0,0,0,0,0,0,0,0.056588,0.31562,0.17756,0.044347,0,0,0,1,0,0,0,0,0,0,0,0,1,0,0,0,0,0,0,0,0,0
169,3419,0.072945,9.2884,7.918,0.12137,8.7103,7.1392,0.094821,8.4056,9.4849,0.1372,12.922,5.7901,0,0,0,0,0,0,0.50015,0,0,0,0,0.019426,0.22289,0,0,0,0,1,0,0,0,0,0,0,0,0,1,0,0,0,0,0,0,0,0,0
170,3105,0.094821,8.4056,9.4849,0.053209,7.7628,9.6629,0.03259,5.552,12.366,0.072945,9.2884,7.918,0,0,0,0,0,0,0.12712,0,0,0,0,0.21555,0.18865,0.05787,0,0,0,1,0,0,0,0,0,0,0,0,0,1,0,0,0,0,0,0,0,0
171,3265,0.03259,5.552,12.366,0,4.6515,11.228,0.14373,3.8984,12.659,0.094821,8.4056,9.4849,0,0,1,0,0,0,0,0,0,0,0,0.10153,0.13716,0,0,0,0,1,0,0,0,0,0,0,0,0,0,1,0,0,0,0,0,0,0,0
172,3248,0.14373,3.8984,12.659,0.10658,3.2692,11.274,0.47108,5.197,7.6777,0.03259,5.552,12.366,0,0,0,0,0,0,0.048594,0,0,0,0,0.17906,0.3277,0.053886,0,0,0,1,0,0,0,0,0,0,0,0,0,1,0,0,0,0,0,0,0,0
173,3381,0.47108,5.197,7.6777,0.2502,4.1536,7.6437,0.16586,4.2283,8.3667,0.14373,3.8984,12.659,0,0,0,0,0,0,0.23964,0,0,0,0,0.00029866,0.44338,0,0,0,0,1,0,0,0,0,0,0,0,0,0,1,0,0,0,0,0,0,0,0
174,3417,0.16586,4.2283,8.3667,0.067902,3.6937,7.3888,0.046215,11.224,5.6397,0.47108,5.197,7.6777,0,0,0,0,0,0,0.24026,0.10216,0,0,0,0,0.37352,0,0,0,0,1,0,0,0,0,0,0,0,0,0,0,1,0,0,0,0,0,0,0
175,3476,0.046215,11.224,5.6397,0.11231,10.032,5.1008,0.087372,5.8974,7.9329,0.16586,4.2283,8.3667,0,0,0,0,0,0,0.1238,0.2854,0,0,0,0,0.35094,0,0,0,0,1,0,0,0,0,0,0,0,0,0,0,1,0,0,0,0,0,0,0
176,3751,0.087372,5.8974,7.9329,0.11023,8.3788,11.839,0.075539,14.575,8.3358,0.046215,11.224,5.6397,0,0,0,0,0,0,0.66188,0.1288,0,0,0,0,0.10395,0,0,0,0,1,0,0,0,0,0,0,0,0,0,0,1,0,0,0,0,0,0,0
177,3361,0.075539,14.575,8.3358,0.07222,10.733,6.774,0.048504,7.6815,8.6444,0.087372,5.8974,7.9329,0,0,0,0,1,0,0.11745,0.31271,0,0,0,0,0.29204,0,0,0,0,1,0,0,0,0,0,0,0,0,0,0,1,0,0,0,0,0,0,0
178,3613,0.048504,7.6815,8.6444,0.043953,8.4349,9.74,0.026969,5.2685,14.464,0.075539,14.575,8.3358,0,0,0,0,0,0,0.6671,0.28912,0,0,0,0,0.14459,0,0,0,0,1,0,0,0,0,0,0,0,0,0,0,1,0,0,0,0,0,0,0
179,3160,0.026969,5.2685,14.464,0.021916,4.7904,13.15,0.014896,3.3993,15.648,0.048504,7.6815,8.6444,0,0,0,0,0,0,0.33163,0.087286,0,0,0,0,0.39977,0,0,0,0,1,0,0,0,0,0,0,0,0,0,0,0,1,0,0,0,0,0,0
180,3374,0.014896,3.3993,15.648,0,2.7077,13.35,0,9.0791,14.007,0.026969,5.2685,14.464,0,0,0,0,0,0,0.32175,0.30728,0.089011,0,0,0,0.35964,0,0,0,0,1,0,0,0,0,0,0,0,0,0,0,0,1,0,0,0,0,0,0
181,3507,0,9.0791,14.007,0,7.0989,15.112,0,6.8892,16.718,0.014896,3.3993,15.648,0,0,0,0,0,0,0.55538,0.37895,0,0,0,0,0.25941,0,0,0,0,1,0,0,0,0,0,0,0,0,0,0,0,1,0,0,0,0,0,0
182,3530,0,6.8892,16.718,0,5.8612,17.22,0,11.596,11.32,0,9.0791,14.007,0,0,0,0,0,0,0.15921,0.72601,0.07268,0,0,0,0.23947,0,0,0,0,1,0,0,0,0,0,0,0,0,0,0,0,1,0,0,0,0,0,0
183,3374,0,11.596,11.32,0,13.081,10.969,7.5113,6.6428,11.377,0,6.8892,16.718,0,0,0,1,0,0,0.59185,0.29903,0,0,0,0,0.54872,0,0,0,0,1,0,0,0,0,0,0,0,0,0,0,0,0,1,0,0,0,0,0
184,3249,7.5113,6.6428,11.377,7.9078,7.1073,11.129,4.7505,9.7891,10.864,0,11.596,11.32,0,0,0,0,0,0,0.41575,0.3735,0.023091,0,0,0,0.16759,0,0,0,0,1,0,0,0,0,0,0,0,0,0,0,0,0,1,0,0,0,0,0
185,3361,4.7505,9.7891,10.864,4.5681,9.7098,11.685,9.4648,7.5119,9.2874,7.5113,6.6428,11.377,0,0,0,0,0,0,0.54155,0.38875,0.069698,0,0,0,0.25032,0,0,0,0,1,0,0,0,0,0,0,0,0,0,0,0,0,1,0,0,0,0,0
186,3235,9.4648,7.5119,9.2874,10.534,6.6565,8.5124,6.7887,7.4084,10.56,4.7505,9.7891,10.864,0,0,0,0,0,0,0.39739,0.33611,0,0,0,0,0.36953,0,0,0,0,1,0,0,0,0,0,0,0,0,0,0,0,0,1,0,0,0,0,0
187,3323,6.7887,7.4084,10.56,8.0231,7.6002,12.602,8.2859,8.0404,7.7762,9.4648,7.5119,9.2874,0,0,0,0,0,0,0.60393,0.11554,0.19268,0,0,0,0.37578,0,0,0,0,1,0,0,0,0,0,0,0,0,0,0,0,0,1,0,0,0,0,0
188,3319,8.2859,8.0404,7.7762,9.3661,8.8612,9.1272,5.8437,5.4607,10.554,6.7887,7.4084,10.56,0,0,0,0,0,0,0.39271,0.56716,0,0,0,0,0.38918,0,0,0,0,1,0,0,0,0,0,0,0,0,0,0,0,0,0,1,0,0,0,0
189,3237,5.8437,5.4607,10.554,4.977,4.6896,9.5939,7.209,3.0942,9.7137,8.2859,8.0404,7.7762,0,0,0,0,0,0,0.63608,0.36048,0,0,0,0,0.36027,0,0,0,0,1,0,0,0,0,0,0,0,0,0,0,0,0,0,1,0,0,0,0
190,3388,7.209,3.0942,9.7137,7.2194,3.2822,9.9299,5.0528,2.2468,9.6803,5.8437,5.4607,10.554,0,0,0,0,0,0,0.73502,0.23017,0,0,0,0,0.22783,0,0,0,0,1,0,0,0,0,0,0,0,0,0,0,0,0,0,1,0,0,0,0
191,3652,5.0528,2.2468,9.6803,4.7848,2.3077,8.858,4.2046,2.1714,8.6895,7.209,3.0942,9.7137,0,0,0,0,0,0,0.37136,0.49421,0.09914,0,0,0,0.14318,0,0,0,0,1,0,0,0,0,0,0,0,0,0,0,0,0,0,1,0,0,0,0
192,3591,4.2046,2.1714,8.6895,4.7106,2.375,8.7641,2.4362,1.2276,7.786,5.0528,2.2468,9.6803,0,0,0,0,0,1,0.30774,0.61498,0,0,0,0,0.15578,0,0,0,0,1,0,0,0,0,0,0,0,0,0,0,0,0,0,0,1,0,0,0
193,3502,2.4362,1.2276,7.786,2.0652,1.0436,6.464,1.6225,8.0331,6.8101,4.2046,2.1714,8.6895,0,0,0,0,0,0,0.57855,0.15578,0,0,0,0,0.32785,0,0,0,0,1,0,0,0,0,0,0,0,0,0,0,0,0,0,0,1,0,0,0
194,3547,1.6225,8.0331,6.8101,1.6026,7.1965,5.8658,6.2159,4.9861,4.6364,2.4362,1.2276,7.786,0,0,0,0,0,0,0.67169,0.19433,0,0,0,0,0.12514,0,0,0,0,1,0,0,0,0,0,0,0,0,0,0,0,0,0,0,1,0,0,0
195,3409,6.2159,4.9861,4.6364,5.6151,4.4287,3.6372,3.6908,3.3704,11.993,1.6225,8.0331,6.8101,0,0,0,0,0,0,0.61295,0.26187,0,0,0,0.00025717,0.15795,0,0,0,0,1,0,0,0,0,0,0,0,0,0,0,0,0,0,0,1,0,0,0
196,3281,3.6908,3.3704,11.993,3.6589,3.37,11.674,2.5336,2.8693,10.19,6.2159,4.9861,4.6364,0,0,0,0,0,0,0.22459,0.18929,0,0,0,0.00031295,0.41193,0,0,0,0,1,0,0,0,0,0,0,0,0,0,0,0,0,0,0,0,1,0,0
197,3396,2.5336,2.8693,10.19,2.4249,2.7603,8.9176,4.0819,3.9039,9.314,3.6908,3.3704,11.993,0,0,0,0,0,0,0.094431,0,0,0,0,0,0.047932,0,0,0,0,1,0,0,0,0,0,0,0,0,0,0,0,0,0,0,0,1,0,0
198,3379,4.0819,3.9039,9.314,4.1195,3.7032,8.685,3.8662,3.3502,8.122,2.5336,2.8693,10.19,0,0,0,0,0,0,0.23152,0,0,0,0,0.064756,0.45427,0,0,0,0,1,0,0,0,0,0,0,0,0,0,0,0,0,0,0,0,1,0,0
199,3314,3.8662,3.3502,8.122,4.4954,3.7248,8.8327,2.7107,2.4332,6.5206,4.0819,3.9039,9.314,0,0,0,0,0,0,0,0,0,0,0,0.033143,0.050014,0,0,0,0,1,0,0,0,0,0,0,0,0,0,0,0,0,0,0,0,1,0,0
200,3622,2.7107,2.4332,6.5206,1.9672,2.1533,6.598,1.1701,5.1197,15.883,3.8662,3.3502,8.122,0,0,0,0,0,0,0.27775,0,0,0,0,0.085764,0.31729,0,0,0,0,1,0,0,0,0,0,0,0,0,0,0,0,0,0,0,0,1,0,0
201,3075,1.1701,5.1197,15.883,0.64362,4.0544,12.549,4.1786,2.6985,13.629,2.7107,2.4332,6.5206,0,0,0,0,0,0,0,0,0,0,0,0.3689,0.30777,0.070209,0,0,0,1,0,0,0,0,0,0,0,0,0,0,0,0,0,0,0,0,1,0
202,3201,4.1786,2.6985,13.629,3.0092,1.8848,11.777,2.0694,5.7593,14.48,1.1701,5.1197,15.883,0,0,0,0,0,0,0,0,0,0,0.04073,0.15517,0.32722,0,0,0,0,1,0,0,0,0,0,0,0,0,0,0,0,0,0,0,0,0,1,0
203,2944,2.0694,5.7593,14.48,1.9295,7.072,13.872,2.0871,7.5825,18.561,4.1786,2.6985,13.629,0,0,0,0,0,0,0,0,0,0,0,0.35439,0.27906,0,0,0,0,1,0,0,0,0,0,0,0,0,0,0,0,0,0,0,0,0,1,0
204,2917,2.0871,7.5825,18.561,2.515,8.1989,16.248,0.88612,5.891,8.4981,2.0694,5.7593,14.48,0,0,0,0,0,0,0.094779,0,0,0,0.036855,0.033517,0.033189,0,0,0,0,1,0,0,0,0,0,0,0,0,0,0,0,0,0,0,0,0,1,0
205,3264,0.88612,5.891,8.4981,0.82036,4.7871,6.9525,0.46702,7.9256,7.1619,2.0871,7.5825,18.561,0,0,0,0,0,0,0.19683,0,0,0,0.058416,0.15104,0.29096,0.0079373,0,0,0,1,0,0,0,0,0,0,0,0,0,0,0,0,0,0,0,0,0,1
206,2828,0.46702,7.9256,7.1619,0.48605,6.1456,7.4689,0.26671,3.7641,12.579,0.88612,5.891,8.4981,0,0,0,0,0,0,0,0,0,0,0.17407,0.28018,0.23716,0.075961,0,0,0,1,0,0,0,0,0,0,0,0,0,0,0,0,0,0,0,0,0,1
207,3020,0.26671,3.7641,12.579,0.19564,4.4009,15.382,2.7912,5.9164,22.806,0.46702,7.9256,7.1619,0,0,0,0,0,0,0,0,0,0.081454,0.088063,0.22733,0.27837,0.038335,0,0,0,1,0,0,0,0,0,0,0,0,0,0,0,0,0,0,0,0,0,1
208,2584,2.7912,5.9164,22.806,2.6409,5.8171,20.597,1.7216,4.2146,16.87,0.26671,3.7641,12.579,1,0,0,0,0,0,0,0,0,0.036337,0.24234,0.54991,0.093758,0.25741,0,0,0,1,0,0,0,0,0,0,0,0,0,0,0,0,0,0,0,0,0,1
209,2965,1.7216,4.2146,16.87,1.7459,4.4733,16.033,1.1263,2.7939,13.58,2.7912,5.9164,22.806,0,1,0,0,0,0,0,0,0,0.20673,0.17396,0.35516,0.32533,0.28225,0,0,0,0,1,0,0,0,0,0,1,0,0,0,0,0,0,0,0,0,0,0
210,3328,1.1263,2.7939,13.58,1.0953,2.7125,13.556,4.1756,1.9484,14.941,1.7216,4.2146,16.87,0,0,0,0,0,0,0,0,0,0.18059,0.13482,0.41444,0.12811,0.22464,0,0,0,0,1,0,0,0,0,0,1,0,0,0,0,0,0,0,0,0,0,0
211,3620,4.1756,1.9484,14.941,4.3896,1.9297,15.841,2.5545,2.3337,11.916,1.1263,2.7939,13.58,0,0,0,0,0,0,0.091041,0,0,0.036908,0.11871,0.48819,0.20207,0.25911,0,0,0,0,1,0,0,0,0,0,1,0,0,0,0,0,0,0,0,0,0,0
212,3677,2.5545,2.3337,11.916,2.2521,2.2243,10.337,1.3234,1.4126,11.226,4.1756,1.9484,14.941,0,0,0,0,0,0,0,0,0,0.0012121,0.080031,0.14189,0.26568,0.20007,0,0,0,0,1,0,0,0,0,0,1,0,0,0,0,0,0,0,0,0,0,0
213,3657,1.3234,1.4126,11.226,0.91385,1.1365,9.7221,5.6528,0.94038,9.3243,2.5545,2.3337,11.916,0,0,0,0,0,0,0,0,0,0.015464,0.1885,0.29294,0.23336,0.032841,0,0,0,0,1,0,0,0,0,0,1,0,0,0,0,0,0,0,0,0,0,0
214,3722,5.6528,0.94038,9.3243,6.4501,1.0576,9.7959,4.173,0.83829,14.88,1.3234,1.4126,11.226,0,0,0,0,0,0,0.074407,0,0,0.0044656,0.030945,0.42666,0.29545,0.013678,0,0,0,0,1,0,0,0,0,0,0,1,0,0,0,0,0,0,0,0,0,0
215,3335,4.173,0.83829,14.88,4.3982,0.85939,14.207,3.0243,0.61829,12.263,5.6528,0.94038,9.3243,0,0,0,0,0,0,0,0,0,0.0041683,0.22848,0.381,0.15221,0.21129,0,0,0,0,1,0,0,0,0,0,0,1,0,0,0,0,0,0,0,0,0,0
216,3515,3.0243,0.61829,12.263,2.9201,0.56441,12.323,4.8708,0.51004,10.263,4.173,0.83829,14.88,0,0,0,0,0,0,0,0,0,0,0.16547,0.52357,0.2301,0.051933,0,0,0,0,1,0,0,0,0,0,0,1,0,0,0,0,0,0,0,0,0,0
217,3664,4.8708,0.51004,10.263,4.1579,0.48613,9.4613,2.652,4.0451,9.3755,3.0243,0.61829,12.263,0,0,0,0,0,0,0.14649,0,0,0,0.034132,0.44745,0.36132,0.09015,0,0,0,0,1,0,0,0,0,0,0,1,0,0,0,0,0,0,0,0,0,0
218,3488,2.652,4.0451,9.3755,2.3636,4.6968,7.6668,4.0783,4.3854,8.074,4.8708,0.51004,10.263,0,0,0,0,0,0,0,0,0,0.028801,0.21027,0.35943,0.2954,0.13641,0,0,0,0,1,0,0,0,0,0,0,0,1,0,0,0,0,0,0,0,0,0
219,3420,4.0783,4.3854,8.074,4.3496,4.7114,7.9462,2.5126,4.0746,8.6027,2.652,4.0451,9.3755,0,0,0,0,0,0,0,0,0,0.060261,0.21488,0.42077,0.33159,0.28854,0,0,0,0,1,0,0,0,0,0,0,0,1,0,0,0,0,0,0,0,0,0
220,3901,2.5126,4.0746,8.6027,2.372,4.0648,8.5628,1.334,3.9544,8.8349,4.0783,4.3854,8.074,0,0,0,0,0,0,0,0,0,0,0.071925,0.32804,0.17051,0,0,0,0,0,1,0,0,0,0,0,0,0,1,0,0,0,0,0,0,0,0,0
221,3566,1.334,3.9544,8.8349,1.0998,3.9758,9.2874,0.57653,7.8559,8.9993,2.5126,4.0746,8.6027,0,0,0,0,0,0,0,0,0,0,0.065892,0.29514,0.25003,0,0,0,0,0,1,0,0,0,0,0,0,0,1,0,0,0,0,0,0,0,0,0
222,3872,0.57653,7.8559,8.9993,0.48511,8.697,8.8101,0.32278,7.5381,8.4886,1.334,3.9544,8.8349,0,0,1,0,0,0,0.20476,0,0,0,0.036156,0.11453,0.40188,0.10792,0,0,0,0,1,0,0,0,0,0,0,0,0,1,0,0,0,0,0,0,0,0
223,3826,0.32278,7.5381,8.4886,0.34359,7.6544,8.8682,0.25615,5.6622,10.122,0.57653,7.8559,8.9993,0,0,0,0,0,0,0.4549,0,0,0,0.036255,0.19083,0.38454,0,0,0,0,0,1,0,0,0,0,0,0,0,0,1,0,0,0,0,0,0,0,0
224,3781,0.25615,5.6622,10.122,0.22868,6.0495,10.33,0.41969,3.9259,8.0078,0.32278,7.5381,8.4886,0,0,0,0,0,0,0,0,0,0,0.038099,0.08778,0.39428,0.015719,0,0,0,0,1,0,0,0,0,0,0,0,0,1,0,0,0,0,0,0,0,0
225,4008,0.41969,3.9259,8.0078,0.37439,3.4315,6.7839,0.63017,2.5617,8.7821,0.25615,5.6622,10.122,0,0,0,0,0,0,0.40906,0,0,0,0,0.16919,0.36561,0.071248,0,0,0,0,1,0,0,0,0,0,0,0,0,1,0,0,0,0,0,0,0,0
226,4096,0.63017,2.5617,8.7821,0.52365,2.1951,7.8954,0.29706,10.649,6.4263,0.41969,3.9259,8.0078,0,0,0,0,0,0,0.078419,0,0,0,0,0.057524,0.37308,0,0,0,0,0,1,0,0,0,0,0,0,0,0,1,0,0,0,0,0,0,0,0
227,4213,0.29706,10.649,6.4263,0.23649,9.3082,6.843,0.99283,6.8036,6.0226,0.63017,2.5617,8.7821,0,0,0,0,0,0,0.50356,0,0,0,0,0.041004,0.24707,0,0,0,0,0,1,0,0,0,0,0,0,0,0,0,1,0,0,0,0,0,0,0
228,4165,0.99283,6.8036,6.0226,0.82968,5.6167,5.8829,0.44835,16.519,4.4058,0.29706,10.649,6.4263,0,0,0,0,0,0,0.45345,0,0,0,0,0.014977,0.23883,0,0,0,0,0,1,0,0,0,0,0,0,0,0,0,1,0,0,0,0,0,0,0
229,4200,0.44835,16.519,4.4058,0.75066,20.336,6.2428,1.0263,13.148,7.806,0.99283,6.8036,6.0226,0,0,0,0,1,0,0.50298,0.083667,0,0,0,0,0.42382,0,0,0,0,0,1,0,0,0,0,0,0,0,0,0,1,0,0,0,0,0,0,0
230,4211,1.0263,13.148,7.806,1.6453,15.675,10.393,0.62675,10.808,5.456,0.44835,16.519,4.4058,0,0,0,0,1,0,0.85883,0,0,0,0,0,0.1365,0,0,0,0,0,1,0,0,0,0,0,0,0,0,0,1,0,0,0,0,0,0,0
231,4059,0.62675,10.808,5.456,0.6973,11.056,5.8693,0.34382,19.41,4.189,1.0263,13.148,7.806,0,0,0,0,0,0,0.35495,0.40604,0,0,0,0,0.065688,0,0,0,0,0,1,0,0,0,0,0,0,0,0,0,0,1,0,0,0,0,0,0
232,3888,0.34382,19.41,4.189,0.26416,18.832,3.8877,4.5091,11.639,9.3735,0.62675,10.808,5.456,0,0,0,0,0,0,0.35093,0.36212,0,0,0,0,0.29233,0,0,0,0,0,1,0,0,0,0,0,0,0,0,0,0,1,0,0,0,0,0,0
233,3710,4.5091,11.639,9.3735,5.6586,11.852,10.575,3.0824,7.5419,15.246,0.34382,19.41,4.189,0,0,0,0,0,0,0.42301,0.10944,0,0,0,0,0.19439,0,0,0,0,0,1,0,0,0,0,0,0,0,0,0,0,1,0,0,0,0,0,0
234,4034,3.0824,7.5419,15.246,4.8662,8.423,17.648,3.2671,12.197,9.2388,4.5091,11.639,9.3735,0,0,0,0,0,0,0.70863,0.27509,0,0,0,0,0.32988,0,0,0,0,0,1,0,0,0,0,0,0,0,0,0,0,1,0,0,0,0,0,0
235,4249,3.2671,12.197,9.2388,3.7506,12.383,9.7862,2.2831,9.5244,10.928,3.0824,7.5419,15.246,0,0,0,1,0,0,0.41842,0.56717,0,0,0,0,0.34057,0,0,0,0,0,1,0,0,0,0,0,0,0,0,0,0,0,1,0,0,0,0,0
236,3840,2.2831,9.5244,10.928,2.2036,9.3407,10.873,3.5515,5.9325,14.973,3.2671,12.197,9.2388,0,0,0,0,0,0,0.41682,0.36702,0,0,0,0,0.26478,0,0,0,0,0,1,0,0,0,0,0,0,0,0,0,0,0,1,0,0,0,0,0
237,4116,3.5515,5.9325,14.973,3.5419,6.0715,14.386,1.9493,11.13,13.226,2.2831,9.5244,10.928,0,0,0,0,0,0,0.66588,0.30228,0,0,0,0,0.19108,0,0,0,0,0,1,0,0,0,0,0,0,0,0,0,0,0,1,0,0,0,0,0
238,4071,1.9493,11.13,13.226,1.8211,9.2024,11.912,4.7952,5.4297,19.943,3.5515,5.9325,14.973,0,0,0,0,0,0,0.14446,0.85554,0,0,0,0,0.24109,0,0,0,0,0,1,0,0,0,0,0,0,0,0,0,0,0,1,0,0,0,0,0
239,4018,4.7952,5.4297,19.943,4.9209,4.2837,20.279,2.6684,10.914,16.598,1.9493,11.13,13.226,0,0,0,0,0,0,0.12695,0.72807,0.084603,0,0,0,0.11281,0,0,0,0,0,1,0,0,0,0,0,0,0,0,0,0,0,1,0,0,0,0,0
240,3841,2.6684,10.914,16.598,2.6236,14.669,15.497,1.5014,8.442,15.445,4.7952,5.4297,19.943,0,0,0,0,0,0,0.22539,0.67191,0.040744,0,0,0,0.16818,0,0,0,0,0,1,0,0,0,0,0,0,0,0,0,0,0,0,1,0,0,0,0
241,3943,1.5014,8.442,15.445,1.5764,10.833,13.612,1.8524,8.8522,10.06,2.6684,10.914,16.598,0,0,0,0,0,0,0.30096,0.29261,0.31658,0,0,0,0.27165,0,0,0,0,0,1,0,0,0,0,0,0,0,0,0,0,0,0,1,0,0,0,0
242,3901,1.8524,8.8522,10.06,1.6232,9.247,8.8701,2.9917,7.1992,8.0399,1.5014,8.442,15.445,0,0,0,0,0,0,0.38219,0.25908,0.24847,0,0,0,0.23506,0,0,0,0,0,1,0,0,0,0,0,0,0,0,0,0,0,0,1,0,0,0,0
243,4203,2.9917,7.1992,8.0399,2.946,8.3227,7.8778,2.0195,8.5014,7.8048,1.8524,8.8522,10.06,0,0,0,0,0,0,0.40131,0.56665,0,0,0,0,0.13964,0,0,0,0,0,1,0,0,0,0,0,0,0,0,0,0,0,0,1,0,0,0,0
244,4146,2.0195,8.5014,7.8048,1.9818,8.9532,7.1506,4.6445,6.0939,3.9633,2.9917,7.1992,8.0399,0,0,0,0,0,1,0.2183,0.59437,0,0,0,0,0.23043,0,0,0,0,0,1,0,0,0,0,0,0,0,0,0,0,0,0,0,1,0,0,0
245,4092,4.6445,6.0939,3.9633,3.7044,4.7873,2.9901,2.3935,7.8475,4.9831,2.0195,8.5014,7.8048,0,0,0,0,0,0,0.39598,0.39801,0,0,0,0,0.1061,0,0,0,0,0,1,0,0,0,0,0,0,0,0,0,0,0,0,0,1,0,0,0
246,3950,2.3935,7.8475,4.9831,1.9121,7.3368,3.4904,1.1957,11.363,2.9678,4.6445,6.0939,3.9633,0,0,0,0,0,0,0.25138,0.38783,0,0,0,0,0.078428,0,0,0,0,0,1,0,0,0,0,0,0,0,0,0,0,0,0,0,1,0,0,0
247,3996,1.1957,11.363,2.9678,1.0003,12.043,2.2531,3.7355,8.8956,4.2173,2.3935,7.8475,4.9831,0,0,0,0,0,0,0.41159,0.39673,0,0,0,0,0.20154,0,0,0,0,0,1,0,0,0,0,0,0,0,0,0,0,0,0,0,1,0,0,0
248,3878,3.7355,8.8956,4.2173,4.1535,9.4043,4.2709,2.7588,10.194,4.4958,1.1957,11.363,2.9678,0,0,0,0,0,0,0.20496,0.26996,0,0,0.0021737,0.082706,0.066967,0.3199,0,0,0,0,1,0,0,0,0,0,0,0,0,0,0,0,0,0,0,1,0,0
249,4034,2.7588,10.194,4.4958,2.7129,9.0745,4.4931,3.9668,7.1229,4.581,3.7355,8.8956,4.2173,0,0,0,0,0,0,0.36525,0.17363,0,0,0,0.00085094,0.12161,0.4726,0,0,0,0,1,0,0,0,0,0,0,0,0,0,0,0,0,0,0,1,0,0
250,3775,3.9668,7.1229,4.581,3.9624,6.9544,4.0817,3.5153,5.8888,5.5275,2.7588,10.194,4.4958,0,0,0,0,0,0,0.28333,0.1194,0,0,0.03139,0.092585,0.018,0.4053,0,0,0,0,1,0,0,0,0,0,0,0,0,0,0,0,0,0,0,1,0,0
251,3538,3.5153,5.8888,5.5275,3.5181,5.6296,5.0725,5.2001,3.8602,4.044,3.9668,7.1229,4.581,0,0,0,0,0,0,0.32302,0,0,0,0.0018907,0.0911,0.00089174,0.65841,0,0,0,0,1,0,0,0,0,0,0,0,0,0,0,0,0,0,0,1,0,0
252,4259,5.2001,3.8602,4.044,4.7003,3.6801,5.0163,6.296,2.8968,6.1165,3.5153,5.8888,5.5275,0,0,0,0,0,0,0.2572,0,0,0,0.00045798,0.11225,0.19309,0,0,0,0,0,1,0,0,0,0,0,0,0,0,0,0,0,0,0,0,1,0,0
253,3756,6.296,2.8968,6.1165,6.3119,2.7527,6.5688,6.944,2.493,11.383,5.2001,3.8602,4.044,0,0,0,0,0,0,0.32745,0,0,0,0,0.36216,0.0061003,0,0,0,0,0,1,0,0,0,0,0,0,0,0,0,0,0,0,0,0,0,1,0
254,3791,6.944,2.493,11.383,5.7378,2.0645,8.6882,8.9298,8.2798,5.6091,6.296,2.8968,6.1165,0,0,0,0,0,0,0.45193,0,0,0,0.00060413,0.088577,0.11731,0,0,0,0,0,1,0,0,0,0,0,0,0,0,0,0,0,0,0,0,0,1,0
255,3688,8.9298,8.2798,5.6091,8.7361,8.0064,6.7237,9.9683,6.021,15.367,6.944,2.493,11.383,0,0,0,0,0,0,0.25373,0,0,0,0.036293,0.1643,0.16496,0,0,0,0,0,1,0,0,0,0,0,0,0,0,0,0,0,0,0,0,0,1,0
256,3347,9.9683,6.021,15.367,12.229,6.4611,14.292,4.7514,3.2359,7.5394,8.9298,8.2798,5.6091,0,0,0,0,0,0,0,0,0,0,0.0039116,0.48326,0.27285,0.0080399,0,0,0,0,1,0,0,0,0,0,0,0,0,0,0,0,0,0,0,0,1,0
257,3726,4.7514,3.2359,7.5394,4.0499,2.3305,5.7413,2.5288,5.2889,7.1492,9.9683,6.021,15.367,0,0,0,0,0,0,0.19328,0,0,0.00089563,0.042206,0.21219,0.26824,0.071282,0,0,0,0,1,0,0,0,0,0,0,0,0,0,0,0,0,0,0,0,0,1
258,3628,2.5288,5.2889,7.1492,2.6425,5.5073,6.3393,1.6386,4.8655,9.2813,4.7514,3.2359,7.5394,0,0,0,0,0,0,0,0,0,0.0026902,0.14174,0.32883,0.33217,0.022141,0,0,0,0,1,0,0,0,0,0,0,0,0,0,0,0,0,0,0,0,0,1
259,3361,1.6386,4.8655,9.2813,1.3565,6.2643,11.01,0.69855,10.114,8.8612,2.5288,5.2889,7.1492,0,0,0,0,0,0,0,0,0,0.0025191,0.1155,0.64521,0.10012,0.025665,0,0,0,0,1,0,0,0,0,0,0,0,0,0,0,0,0,0,0,0,0,1
260,2820,0.69855,10.114,8.8612,0.95715,11.1,9.526,0.86094,11.144,10.63,1.6386,4.8655,9.2813,1,0,0,0,0,0,0,0,0,0.10163,0.16962,0.32022,0.071555,0.097337,0,0,0,0,1,0,0,0,0,0,0,0,0,0,0,0,0,0,0,0,0,1
261,5378,0.86094,11.144,10.63,1.1248,14.839,10.705,0.64987,10.834,7.1644,0.69855,10.114,8.8612,0,1,0,0,0,0,0.071034,0,0,0.00078867,0.086494,0.37669,0.15395,0.031739,0,0,0,0,1,0,0,0,0,0,0,0,0,0,0,0,0,0,0,0,0,1
262,4651,0.64987,10.834,7.1644,0.64587,11.994,7.6848,0.4116,11.864,8.1534,0.86094,11.144,10.63,0,0,0,0,0,0,0,0,0,0.00078076,0.13159,0.56685,0.4079,0.02458,0,0,0,0,0,1,0,0,0,0,1,0,0,0,0,0,0,0,0,0,0,0
263,4721,0.4116,11.864,8.1534,0.39977,11.423,7.3697,0.2584,8.369,6.5333,0.64987,10.834,7.1644,0,0,0,0,0,0,0,0,0,0.043701,0.27838,0.34139,0.09776,0.085048,0,0,0,0,0,1,0,0,0,0,1,0,0,0,0,0,0,0,0,0,0,0
264,4304,0.2584,8.369,6.5333,0.28885,8.3414,6.1981,0.19751,6.8474,4.7682,0.4116,11.864,8.1534,0,0,0,0,0,0,0,0,0,0.21274,0.33006,0.32961,0.13773,0.38519,0,0,0,0,0,1,0,0,0,0,1,0,0,0,0,0,0,0,0,0,0,0
265,4386,0.19751,6.8474,4.7682,0.21463,7.2062,4.7458,6.7636,5.961,4.1771,0.2584,8.369,6.5333,0,0,0,0,0,0,0,0,0,0.28789,0.30186,0.35727,0.17758,0.40585,0,0,0,0,0,1,0,0,0,0,1,0,0,0,0,0,0,0,0,0,0,0
266,4600,6.7636,5.961,4.1771,4.8733,5.2227,3.1086,5.9263,3.9162,6.901,0.19751,6.8474,4.7682,0,0,0,0,0,0,0,0,0,0.047712,0.24972,0.61632,0.15914,0.16724,0,0,0,0,0,1,0,0,0,0,0,1,0,0,0,0,0,0,0,0,0,0
267,4585,5.9263,3.9162,6.901,4.5619,3.4333,7.9505,5.3859,6.8398,9.419,6.7636,5.961,4.1771,0,0,0,0,0,0,0.10856,0,0,0.022455,0.1055,0.42444,0.4403,0.071729,0,0,0,0,0,1,0,0,0,0,0,1,0,0,0,0,0,0,0,0,0,0
268,4888,5.3859,6.8398,9.419,6.3619,8.2789,10.571,3.035,6.3414,7.0775,5.9263,3.9162,6.901,0,0,0,0,0,0,0.10384,0,0,0.021163,0.095522,0.45992,0.43208,0.15537,0,0,0,0,0,1,0,0,0,0,0,1,0,0,0,0,0,0,0,0,0,0
269,4996,3.035,6.3414,7.0775,3.2502,6.5897,6.2833,1.8999,5.6952,7.6365,5.3859,6.8398,9.419,0,0,0,0,0,0,0.096375,0,0,0,0.054795,0.1171,0.44787,0.0050364,0,0,0,0,0,1,0,0,0,0,0,1,0,0,0,0,0,0,0,0,0,0
270,5093,1.8999,5.6952,7.6365,1.6843,5.5741,7.4163,1.1643,5.4048,9.5017,3.035,6.3414,7.0775,0,0,0,0,0,0,0.043641,0,0,0,0.070909,0.52471,0.21203,0,0,0,0,0,0,1,0,0,0,0,0,0,1,0,0,0,0,0,0,0,0,0
271,4933,1.1643,5.4048,9.5017,1.1212,5.2267,7.7962,2.5454,3.6534,10.557,1.8999,5.6952,7.6365,0,0,0,0,0,0,0.33657,0.047087,0,0.00099011,0.051756,0.34458,0.4843,0.022094,0,0,0,0,0,1,0,0,0,0,0,0,1,0,0,0,0,0,0,0,0,0
272,4943,2.5454,3.6534,10.557,3.0842,4.1006,9.2655,1.7753,6.4549,8.346,1.1643,5.4048,9.5017,0,0,0,0,0,0,0,0,0,0.0012549,0.092628,0.36847,0.65462,0.027853,0,0,0,0,0,1,0,0,0,0,0,0,1,0,0,0,0,0,0,0,0,0
273,5428,1.7753,6.4549,8.346,2.3993,6.0441,8.0827,1.4051,4.1194,11.604,2.5454,3.6534,10.557,0,0,0,0,0,0,0.15093,0,0,0,0,0.14415,0.18128,0,0,0,0,0,0,1,0,0,0,0,0,0,1,0,0,0,0,0,0,0,0,0
274,5251,1.4051,4.1194,11.604,1.568,3.0247,10.754,3.4863,3.1102,9.013,1.7753,6.4549,8.346,0,0,0,0,0,0,0,0,0,0,0.043852,0.18072,0.24312,0.045219,0,0,0,0,0,1,0,0,0,0,0,0,1,0,0,0,0,0,0,0,0,0
275,4853,3.4863,3.1102,9.013,4.7042,3.1741,8.843,3.7653,1.7649,9.9064,1.4051,4.1194,11.604,0,0,0,0,0,0,0.21914,0,0,0,0.048112,0.20153,0.38348,0.037126,0,0,0,0,0,1,0,0,0,0,0,0,0,1,0,0,0,0,0,0,0,0
276,5470,3.7653,1.7649,9.9064,4.1776,1.5208,11.126,2.6364,4.7502,9.4217,3.4863,3.1102,9.013,0,0,0,0,0,0,0.1637,0,0,0,0.0020882,0.073306,0.52752,0,0,0,0,0,0,1,0,0,0,0,0,0,0,1,0,0,0,0,0,0,0,0
277,5045,2.6364,4.7502,9.4217,2.5484,4.3088,7.8942,1.6112,4.6529,8.9438,3.7653,1.7649,9.9064,0,0,1,0,0,0,0.13626,0.061367,0,0,0,0.036101,0.36885,0,0,0,0,0,0,1,0,0,0,0,0,0,0,1,0,0,0,0,0,0,0,0
278,5234,1.6112,4.6529,8.9438,1.4396,4.4051,7.3626,7.7099,3.4858,5.1383,2.6364,4.7502,9.4217,0,0,0,0,0,0,0.20628,0,0,0,0,0.070416,0.29667,0,0,0,0,0,0,1,0,0,0,0,0,0,0,1,0,0,0,0,0,0,0,0
279,5823,7.7099,3.4858,5.1383,8.3766,3.9557,5.5468,5.5093,5.4492,5.057,1.6112,4.6529,8.9438,0,0,0,0,0,0,0.88974,0.083127,0,0,0,0,0.2037,0,0,0,0,0,0,1,0,0,0,0,0,0,0,0,1,0,0,0,0,0,0,0
280,5629,5.5093,5.4492,5.057,5.8501,4.8644,4.5845,3.9917,2.6969,14.496,7.7099,3.4858,5.1383,0,0,0,0,0,0,0.30953,0.38769,0,0,0,0.039671,0.33795,0,0,0,0,0,0,1,0,0,0,0,0,0,0,0,1,0,0,0,0,0,0,0
281,5482,3.9917,2.6969,14.496,4.5788,2.5864,15.744,2.8353,15.185,10.127,5.5093,5.4492,5.057,0,0,0,0,0,0,0.30894,0.095498,0,0,0,0.00055248,0.57821,0,0,0,0,0,0,1,0,0,0,0,0,0,0,0,1,0,0,0,0,0,0,0
282,5547,2.8353,15.185,10.127,3.2022,15.941,9.3666,1.6186,7.3273,9.8181,3.9917,2.6969,14.496,0,0,0,0,1,0,0.35912,0.2003,0.031828,0,0,0,0.7198,0,0,0,0,0,0,1,0,0,0,0,0,0,0,0,1,0,0,0,0,0,0,0
283,5385,1.6186,7.3273,9.8181,1.8139,7.2067,9.7077,1.3854,10.03,7.0547,2.8353,15.185,10.127,0,0,0,0,0,0,0.40191,0.29413,0.062793,0,0,0,0.14519,0,0,0,0,0,0,1,0,0,0,0,0,0,0,0,0,1,0,0,0,0,0,0
284,5483,1.3854,10.03,7.0547,1.5163,9.2319,6.3286,5.1195,7.5652,6.3695,1.6186,7.3273,9.8181,0,0,0,0,0,0,0.65083,0.32428,0,0,0,0,0.23129,0,0,0,0,0,0,1,0,0,0,0,0,0,0,0,0,1,0,0,0,0,0,0
285,5493,5.1195,7.5652,6.3695,5.9241,8.1884,6.7331,3.1086,9.2581,7.3997,1.3854,10.03,7.0547,0,0,0,0,0,0,0.58038,0.24928,0,0,0,0,0.66403,0,0,0,0,0,0,1,0,0,0,0,0,0,0,0,0,1,0,0,0,0,0,0
286,5431,3.1086,9.2581,7.3997,3.1952,8.9441,7.824,5.9931,12.727,5.9999,5.1195,7.5652,6.3695,0,0,0,0,0,0,0.30951,0.65035,0,0,0,0,0.19507,0,0,0,0,0,0,1,0,0,0,0,0,0,0,0,0,1,0,0,0,0,0,0
287,5249,5.9931,12.727,5.9999,7.2669,13.484,6.2152,12.429,7.97,6.373,3.1086,9.2581,7.3997,0,0,0,0,0,0,0.66504,0.26457,0,0,0,0,0.18699,0,0,0,0,0,0,1,0,0,0,0,0,0,0,0,0,1,0,0,0,0,0,0
288,5374,12.429,7.97,6.373,14.333,9.0497,7.7788,7.6796,15.539,4.6274,5.9931,12.727,5.9999,0,0,0,0,0,0,0.48357,0.41713,0.025695,0,0,0,0.23289,0,0,0,0,0,0,1,0,0,0,0,0,0,0,0,0,0,1,0,0,0,0,0
289,5637,7.6796,15.539,4.6274,7.5111,12.677,4.3557,4.4053,13.544,7.7584,12.429,7.97,6.373,0,0,0,0,0,0,0.50126,0.34908,0.1379,0,0,0,0.46165,0,0,0,0,0,0,1,0,0,0,0,0,0,0,0,0,0,1,0,0,0,0,0
290,5344,4.4053,13.544,7.7584,4.5663,15.614,6.2943,2.5942,17.023,4.4337,7.6796,15.539,4.6274,0,0,0,0,0,0,0.5918,0.11268,0.16372,0,0,0,0.34146,0,0,0,0,0,0,1,0,0,0,0,0,0,0,0,0,0,1,0,0,0,0,0
291,5117,2.5942,17.023,4.4337,2.4492,14.291,3.7402,6.2003,8.1719,8.8087,4.4053,13.544,7.7584,0,0,0,0,0,0,0.4506,0.47987,0.015112,0,0,0,0.59413,0,0,0,0,0,0,1,0,0,0,0,0,0,0,0,0,0,1,0,0,0,0,0
292,5365,6.2003,8.1719,8.8087,6.5899,9.405,9.6676,3.2585,6.9506,9.3228,2.5942,17.023,4.4337,0,0,0,0,0,0,0.60129,0.33343,0.011171,0,0,0,0.56252,0,0,0,0,0,0,1,0,0,0,0,0,0,0,0,0,0,0,1,0,0,0,0
293,5225,3.2585,6.9506,9.3228,2.8434,7.3702,10.216,4.8332,5.2262,8.2211,6.2003,8.1719,8.8087,0,0,0,0,0,0,0.59313,0.22782,0.1581,0,0,0,0.32924,0,0,0,0,0,0,1,0,0,0,0,0,0,0,0,0,0,0,1,0,0,0,0
294,5345,4.8332,5.2262,8.2211,4.7358,4.9259,7.6252,2.6799,5.633,7.9262,3.2585,6.9506,9.3228,0,0,0,0,0,0,0.46638,0.13288,0.15816,0,0,0,0.44951,0,0,0,0,0,0,1,0,0,0,0,0,0,0,0,0,0,0,1,0,0,0,0
295,5453,2.6799,5.633,7.9262,3.0099,6.2532,8.6846,2.0458,5.7355,7.8598,4.8332,5.2262,8.2211,0,0,0,0,0,0,0.68027,0.26672,0.0055869,0,0,0,0.42754,0,0,0,0,0,0,1,0,0,0,0,0,0,0,0,0,0,0,1,0,0,0,0
296,5833,2.0458,5.7355,7.8598,2.2253,5.7442,7.8818,2.5793,4.3155,4.0617,2.6799,5.633,7.9262,0,0,0,0,0,1,0.67312,0.14504,0.1545,0,0,0,0.52274,0,0,0,0,0,0,1,0,0,0,0,0,0,0,0,0,0,0,0,1,0,0,0
297,5775,2.5793,4.3155,4.0617,2.9367,4.564,4.1311,2.1184,3.9611,3.729,2.0458,5.7355,7.8598,0,0,0,0,0,0,0.6892,0.17584,0,0,0,0,0.32005,0,0,0,0,0,0,1,0,0,0,0,0,0,0,0,0,0,0,0,1,0,0,0
298,5299,2.1184,3.9611,3.729,2.4085,4.448,5.8134,3.0523,4.3562,3.9152,2.5793,4.3155,4.0617,0,0,0,0,0,0,0.27601,0.21528,0.0049036,0,0,0,0.33422,0,0,0,0,0,0,1,0,0,0,0,0,0,0,0,0,0,0,0,1,0,0,0
299,5286,3.0523,4.3562,3.9152,3.1177,4.9431,3.7659,1.7772,3.2113,7.2497,2.1184,3.9611,3.729,0,0,0,0,0,0,0.35074,0.13752,0.04516,0,0,0.051881,0.58738,0.024594,0,0,0,0,0,1,0,0,0,0,0,0,0,0,0,0,0,0,1,0,0,0
300,5581,1.7772,3.2113,7.2497,1.908,3.2597,8.5652,1.0345,2.0183,12.96,3.0523,4.3562,3.9152,0,0,0,0,0,0,0.25232,0.0041469,0,0,0,0.0036705,0.005225,0,0,0,0,0,0,1,0,0,0,0,0,0,0,0,0,0,0,0,1,0,0,0
301,4795,1.0345,2.0183,12.96,0.9,2.9634,14.884,0.52568,1.8328,13.188,1.7772,3.2113,7.2497,0,0,0,0,0,0,0.21123,0.044491,0,0,0.0019423,0.13987,0.4741,0,0,0,0,0,0,1,0,0,0,0,0,0,0,0,0,0,0,0,0,1,0,0
302,5332,0.52568,1.8328,13.188,0.32462,1.4013,11.402,0.19681,3.697,11.146,1.0345,2.0183,12.96,0,0,0,0,0,0,0.42436,0,0,0,0,0.054368,0.12415,0,0,0,0,0,0,1,0,0,0,0,0,0,0,0,0,0,0,0,0,1,0,0
303,5375,0.19681,3.697,11.146,0.088363,4.0347,10.832,2.3848,3.1837,8.7779,0.52568,1.8328,13.188,0,0,0,0,0,0,0.34609,0,0,0,0,0.005906,0.19525,0,0,0,0,0,0,1,0,0,0,0,0,0,0,0,0,0,0,0,0,1,0,0
304,5231,2.3848,3.1837,8.7779,1.8494,3.223,8.6321,0.93979,9.1926,8.4717,0.19681,3.697,11.146,0,0,0,0,0,0,0.37308,0,0,0,0,0.059487,0.29376,0,0,0,0,0,0,1,0,0,0,0,0,0,0,0,0,0,0,0,0,1,0,0
305,4847,0.93979,9.1926,8.4717,0.88829,9.4534,8.9666,0.49932,11.507,5.6854,2.3848,3.1837,8.7779,0,0,0,0,0,0,0.11333,0,0,0,0.048674,0.11037,0.35776,0.024703,0,0,0,0,0,1,0,0,0,0,0,0,0,0,0,0,0,0,0,0,1,0
306,4472,0.49932,11.507,5.6854,0.27654,14.165,5.8497,0.1215,7.2062,17.198,0.93979,9.1926,8.4717,0,0,0,0,0,0,0.027677,0,0,0.02371,0.031279,0.14782,0.3077,0.056805,0,0,0,0,0,1,0,0,0,0,0,0,0,0,0,0,0,0,0,0,1,0
307,4326,0.1215,7.2062,17.198,0.10091,8.4876,22.231,0.13871,11.558,21.779,0.49932,11.507,5.6854,0,0,0,0,0,0,0,0,0,0.047538,0.099825,0.52276,0.4537,0.015374,0,0,0,0,0,1,0,0,0,0,0,0,0,0,0,0,0,0,0,0,1,0
308,4252,0.13871,11.558,21.779,0.23872,14.739,21.782,0.081484,6.0173,10.305,0.1215,7.2062,17.198,0,0,0,0,0,0,0,0,0,0.0019612,0.10219,0.45037,0.54527,0,0,0,0,0,0,1,0,0,0,0,0,0,0,0,0,0,0,0,0,0,1,0
309,4414,0.081484,6.0173,10.305,0.078117,4.0328,8.199,1.9742,7.1388,6.9183,0.13871,11.558,21.779,0,0,0,0,0,0,0,0,0,0.00030794,0.22352,0.59676,0.24098,0.034913,0,0,0,0,0,1,0,0,0,0,0,0,0,0,0,0,0,0,0,0,0,1
310,4346,1.9742,7.1388,6.9183,2.041,6.1519,5.4006,1.0898,3.5487,14.582,0.081484,6.0173,10.305,0,0,0,0,0,0,0,0,0,0.03745,0.14178,0.70765,0.16396,0.10976,0,0,0,0,0,1,0,0,0,0,0,0,0,0,0,0,0,0,0,0,0,1
311,4335,1.0898,3.5487,14.582,1.1623,3.1435,16.313,1.6858,7.2585,12.492,1.9742,7.1388,6.9183,0,0,0,0,0,0,0,0,0,0.087388,0.14704,0.47687,0.49748,0.18283,0,0,0,0,0,1,0,0,0,0,0,0,0,0,0,0,0,0,0,0,0,1
312,3989,1.6858,7.2585,12.492,1.7651,7.3935,12.764,1.5733,8.9833,15.213,1.0898,3.5487,14.582,1,0,0,0,0,0,0,0,0,0.17654,0.59446,0.12483,0.14711,0.18802,0,0,0,0,0,1,0,0,0,0,0,0,0,0,0,0,0,0,0,0,0,1
313,5202,1.5733,8.9833,15.213,1.7595,9.7842,13.864,1.1257,9.5445,10.796,1.6858,7.2585,12.492,0,1,0,0,0,0,0,0,0,0.12116,0.58739,0.2861,0.31082,0.21053,0,0,0,0,0,1,0,0,0,0,0,0,0,0,0,0,0,0,0,0,0,1
314,5417,1.1257,9.5445,10.796,0.94319,11.766,11.986,0.45244,14.808,11.172,1.5733,8.9833,15.213,0,0,0,0,0,0,0,0,0,0.00017132,0.3132,0.62437,0.129,0.17169,0,0,0,0,0,0,1,0,0,0,1,0,0,0,0,0,0,0,0,0,0,0
315,5463,0.45244,14.808,11.172,0.29026,14.761,9.4595,3.1652,9.4654,6.9827,1.1257,9.5445,10.796,0,0,0,0,0,0,0,0,0,0.0091752,0.059508,0.57721,0.46303,0.083449,0,0,0,0,0,0,1,0,0,0,1,0,0,0,0,0,0,0,0,0,0,0
316,5179,3.1652,9.4654,6.9827,3.0176,9.0412,5.9859,1.8787,6.6932,7.9497,0.45244,14.808,11.172,0,0,0,0,0,0,0,0,0,0.066498,0.17834,0.36066,0.555,0.18039,0,0,0,0,0,0,1,0,0,0,1,0,0,0,0,0,0,0,0,0,0,0
317,5629,1.8787,6.6932,7.9497,2.1412,7.6352,8.2386,3.5284,6.5541,7.548,3.1652,9.4654,6.9827,0,0,0,0,0,0,0,0,0,0.020213,0.53538,0.20994,0.30213,0.16156,0,0,0,0,0,0,1,0,0,0,1,0,0,0,0,0,0,0,0,0,0,0
318,5231,3.5284,6.5541,7.548,2.5965,6.1632,6.9264,11.785,5.7187,4.8135,1.8787,6.6932,7.9497,0,0,0,0,0,0,0,0,0,0.034835,0.35643,0.5295,0.036521,0.13585,0,0,0,0,0,0,1,0,0,0,0,1,0,0,0,0,0,0,0,0,0,0
319,5252,11.785,5.7187,4.8135,8.5787,6.9226,4.4125,6.1903,9.1819,7.8369,3.5284,6.5541,7.548,0,0,0,0,0,0,0,0,0,0.11358,0.067444,0.45871,0.42703,0.16816,0,0,0,0,0,0,1,0,0,0,0,1,0,0,0,0,0,0,0,0,0,0
320,5095,6.1903,9.1819,7.8369,5.409,9.763,7.7332,4.4762,6.6458,4.9171,11.785,5.7187,4.8135,0,0,0,0,0,0,0,0,0,0.01918,0.22573,0.3807,0.48089,0.078697,0,0,0,0,0,0,1,0,0,0,0,1,0,0,0,0,0,0,0,0,0,0
321,5220,4.4762,6.6458,4.9171,4.151,6.8443,4.6146,2.4881,10.068,3.2174,6.1903,9.1819,7.8369,0,0,0,0,0,0,0,0,0,0.019366,0.22282,0.19193,0.40154,0.13371,0,0,0,0,0,0,1,0,0,0,0,1,0,0,0,0,0,0,0,0,0,0
322,5650,2.4881,10.068,3.2174,2.1567,10.299,3.0643,3.3517,7.0639,3.0292,4.4762,6.6458,4.9171,0,0,0,0,0,0,0,0,0,0.0024503,0.065234,0.2255,0.52883,0.037407,0,0,0,0,0,0,1,0,0,0,0,0,1,0,0,0,0,0,0,0,0,0
323,5836,3.3517,7.0639,3.0292,2.5946,7.562,3.1138,7.4344,5.1981,2.2179,2.4881,10.068,3.2174,0,0,0,0,0,0,0,0,0,0,0.020449,0.77937,0.21574,0.075707,0,0,0,0,0,0,1,0,0,0,0,0,1,0,0,0,0,0,0,0,0,0
324,6009,7.4344,5.1981,2.2179,7.6463,5.9887,2.3663,4.0669,6.6892,3.386,3.3517,7.0639,3.0292,0,0,0,0,0,0,0,0,0,0,0.07428,0.15011,0.39326,0.030045,0,0,0,0,0,0,1,0,0,0,0,0,1,0,0,0,0,0,0,0,0,0
325,5667,4.0669,6.6892,3.386,4.5178,7.2907,3.1002,2.4411,5.8873,8.4577,7.4344,5.1981,2.2179,0,0,0,0,0,0,0,0,0,0.00050707,0.066144,0.45879,0.38055,0.016465,0,0,0,0,0,0,1,0,0,0,0,0,1,0,0,0,0,0,0,0,0,0
326,5904,2.4411,5.8873,8.4577,2.4278,5.7178,8.1994,3.4611,6.1482,6.9501,4.0669,6.6892,3.386,0,0,0,0,0,0,0,0,0,0,0.00078589,0.12799,0.61779,0.013765,0,0,0,0,0,0,1,0,0,0,0,0,1,0,0,0,0,0,0,0,0,0
327,6510,3.4611,6.1482,6.9501,4.5198,6.7271,6.5784,2.3108,5.2947,8.0832,2.4411,5.8873,8.4577,0,0,0,0,0,0,0.67429,0,0,0,0.00018601,0.021374,0.2902,0.0070909,0,0,0,0,0,0,1,0,0,0,0,0,0,1,0,0,0,0,0,0,0,0
328,6026,2.3108,5.2947,8.0832,2.779,6.1281,8.8236,3.0373,3.9652,7.4107,3.4611,6.1482,6.9501,0,0,1,0,0,0,0.36496,0,0,0,0,0.11353,0.47719,0,0,0,0,0,0,0,1,0,0,0,0,0,0,1,0,0,0,0,0,0,0,0
329,6281,3.0373,3.9652,7.4107,2.7527,3.9997,6.6341,1.9831,5.0286,4.9096,2.3108,5.2947,8.0832,0,0,0,0,0,0,0.41849,0,0,0,0.00032187,0.086367,0.30191,0.014052,0,0,0,0,0,0,1,0,0,0,0,0,0,1,0,0,0,0,0,0,0,0
330,6293,1.9831,5.0286,4.9096,2.0358,4.5651,4.2316,1.0889,15.634,3.0515,3.0373,3.9652,7.4107,0,0,0,0,0,0,0.57343,0.0023194,0,0,0,0.026786,0.082129,0,0,0,0,0,0,0,1,0,0,0,0,0,0,1,0,0,0,0,0,0,0,0
331,6549,1.0889,15.634,3.0515,1.1536,12.146,3.0932,0.68688,11.056,2.2741,1.9831,5.0286,4.9096,0,0,0,0,0,0,0.75077,0.012494,0,0,0,0.046052,0.2875,0,0,0,0,0,0,0,1,0,0,0,0,0,0,0,1,0,0,0,0,0,0,0
332,6124,0.68688,11.056,2.2741,0.71383,10.804,1.8933,0.43023,8.5319,9.0384,1.0889,15.634,3.0515,0,0,0,0,0,0,0.4215,0.046413,0,0,0,0.018225,0.42457,0,0,0,0,0,0,0,1,0,0,0,0,0,0,0,1,0,0,0,0,0,0,0
333,6579,0.43023,8.5319,9.0384,0.44332,8.5231,11.629,0.28388,16.402,8.7198,0.68688,11.056,2.2741,0,0,0,0,0,0,0.45934,0.12819,0,0,0,0.018065,0.36952,0,0,0,0,0,0,0,1,0,0,0,0,0,0,0,1,0,0,0,0,0,0,0
334,5991,0.28388,16.402,8.7198,0.21196,16.115,10.288,0.12567,8.202,13.88,0.43023,8.5319,9.0384,0,0,0,0,1,0,0.45025,0.079336,0,0,0,0,0.66389,0,0,0,0,0,0,0,1,0,0,0,0,0,0,0,1,0,0,0,0,0,0,0
335,6241,0.12567,8.202,13.88,0.11382,6.0332,10.05,0.076611,9.7769,7.4088,0.28388,16.402,8.7198,0,0,0,0,0,0,0.23255,0.17743,0,0,0,0.00019841,0.71021,0,0,0,0,0,0,0,1,0,0,0,0,0,0,0,0,1,0,0,0,0,0,0
336,6357,0.076611,9.7769,7.4088,0.060507,9.5267,7.316,0.043615,14.511,8.6923,0.12567,8.202,13.88,0,0,0,0,0,0,0.83926,0.050716,0,0,0,0,0.36344,0,0,0,0,0,0,0,1,0,0,0,0,0,0,0,0,1,0,0,0,0,0,0
337,6423,0.043615,14.511,8.6923,0.041672,13.42,8.8908,0.022917,14.342,10.248,0.076611,9.7769,7.4088,0,0,0,0,0,0,0.70888,0.27695,0,0,0,0,0.597,0,0,0,0,0,0,0,1,0,0,0,0,0,0,0,0,1,0,0,0,0,0,0
338,6065,0.022917,14.342,10.248,0,14.923,10.95,0,14.884,7.5148,0.043615,14.511,8.6923,0,0,0,0,0,0,0.7105,0.19747,1.3876e-05,0,0,0,0.63797,0,0,0,0,0,0,0,1,0,0,0,0,0,0,0,0,1,0,0,0,0,0,0
339,6326,0,14.884,7.5148,0,14.84,8.1254,2.4031,11.843,8.8967,0.022917,14.342,10.248,0,0,0,0,0,0,0.48621,0.49517,0.017468,0,0,0,0.32887,0,0,0,0,0,0,0,1,0,0,0,0,0,0,0,0,1,0,0,0,0,0,0
340,6291,2.4031,11.843,8.8967,2.2123,11.224,8.4957,1.0483,11.146,8.602,0,14.884,7.5148,0,0,0,0,0,0,0.33782,0.57031,0.0045853,0,0,0,0.22132,0,0,0,0,0,0,0,1,0,0,0,0,0,0,0,0,0,1,0,0,0,0,0
341,6484,1.0483,11.146,8.602,1.0131,10.344,7.9328,9.7233,5.6022,10.283,2.4031,11.843,8.8967,0,0,0,0,0,0,0.67531,0.20448,0.086591,0,0,0,0.049581,0,0,0,0,0,0,0,1,0,0,0,0,0,0,0,0,0,1,0,0,0,0,0
342,6283,9.7233,5.6022,10.283,8.6081,6.2448,11.131,4.2884,15.989,6.7381,1.0483,11.146,8.602,0,0,0,0,0,0,0.60084,0.28755,0.092031,0,0,0,0.16884,0,0,0,0,0,0,0,1,0,0,0,0,0,0,0,0,0,1,0,0,0,0,0
343,6037,4.2884,15.989,6.7381,4.2313,12.563,6.394,2.2973,19.728,7.9257,9.7233,5.6022,10.283,0,0,0,0,0,0,0.62502,0.13778,0.095086,0,0,0,0.50217,0,0,0,0,0,0,0,1,0,0,0,0,0,0,0,0,0,1,0,0,0,0,0
344,6065,2.2973,19.728,7.9257,2.6783,18.713,8.6221,1.3998,10.845,15.686,4.2884,15.989,6.7381,0,0,0,0,0,0,0.51116,0.42592,0.046011,0,0,0,0.30993,0,0,0,0,0,0,0,1,0,0,0,0,0,0,0,0,0,0,1,0,0,0,0
345,6022,1.3998,10.845,15.686,1.6687,10.094,14.779,0.90927,10.214,8.8685,2.2973,19.728,7.9257,0,0,0,0,0,0,0.54698,0.29222,0.1245,0,0,0,0.43575,0,0,0,0,0,0,0,1,0,0,0,0,0,0,0,0,0,0,1,0,0,0,0
346,6058,0.90927,10.214,8.8685,1.0015,10.162,8.3803,1.2176,8.3029,7.448,1.3998,10.845,15.686,0,0,0,0,0,0,0.73977,0.09719,0.13577,0,0,0,0.33315,0,0,0,0,0,0,0,1,0,0,0,0,0,0,0,0,0,0,1,0,0,0,0
347,6317,1.2176,8.3029,7.448,1.1103,7.7012,7.0245,2.9976,7.3077,6.1942,0.90927,10.214,8.8685,0,0,0,0,0,0,0.3695,0.53599,0.045292,0,0,0,0.17827,0,0,0,0,0,0,0,1,0,0,0,0,0,0,0,0,0,0,1,0,0,0,0
348,6285,2.9976,7.3077,6.1942,3.0149,7.7316,6.1246,1.4253,5.7726,6.1114,1.2176,8.3029,7.448,0,0,0,0,0,1,0.68422,0.14808,0,0,0,0,0.70335,0,0,0,0,0,0,0,1,0,0,0,0,0,0,0,0,0,0,1,0,0,0,0
349,6419,1.4253,5.7726,6.1114,1.468,5.7924,5.808,0.96632,6.4732,4.1359,2.9976,7.3077,6.1942,0,0,0,0,0,0,0.64383,0.2428,0,0,0,0,0.3726,0,0,0,0,0,0,0,1,0,0,0,0,0,0,0,0,0,0,0,1,0,0,0
350,6225,0.96632,6.4732,4.1359,1.4104,8.9826,5.6894,0.74963,5.5423,4.0888,1.4253,5.7726,6.1114,0,0,0,0,0,0,0.45711,0.096847,0,0,0,0.00035405,0.20061,0,0,0,0,0,0,0,1,0,0,0,0,0,0,0,0,0,0,0,1,0,0,0
351,6516,0.74963,5.5423,4.0888,0.6636,4.9835,3.2845,0.37724,7.7639,5.0897,0.96632,6.4732,4.1359,0,0,0,0,0,0,0.73042,0.041918,0,0,0,0,0.29666,0,0,0,0,0,0,0,1,0,0,0,0,0,0,0,0,0,0,0,1,0,0,0
352,6381,0.37724,7.7639,5.0897,0.31395,7.1537,4.1862,4.3108,5.4113,6.162,0.74963,5.5423,4.0888,0,0,0,0,0,0,0.22256,0.0066747,0,0,0,0.00016083,0.053796,0,0,0,0,0,0,0,1,0,0,0,0,0,0,0,0,0,0,0,1,0,0,0
353,5974,4.3108,5.4113,6.162,4.1012,5.6956,5.9127,2.5376,8.6653,3.9455,0.37724,7.7639,5.0897,0,0,0,0,0,0,0.35638,0,0,0,0,0.081083,0.46412,0,0,0,0,0,0,0,1,0,0,0,0,0,0,0,0,0,0,0,0,1,0,0
354,6401,2.5376,8.6653,3.9455,2.6308,8.6091,3.6524,3.7306,6.2179,4.3829,4.3108,5.4113,6.162,0,0,0,0,0,0,0.3272,0,0,0,0,0.032989,0.72372,0,0,0,0,0,0,0,1,0,0,0,0,0,0,0,0,0,0,0,0,1,0,0
355,6359,3.7306,6.2179,4.3829,3.4055,5.9773,3.9954,5.4435,6.4977,3.0944,2.5376,8.6653,3.9455,0,0,0,0,0,0,0.23889,0,0,0,0,0.056283,0.10261,0,0,0,0,0,0,0,1,0,0,0,0,0,0,0,0,0,0,0,0,1,0,0
356,5755,5.4435,6.4977,3.0944,4.9253,5.9676,3.0504,2.9129,9.1848,12.922,3.7306,6.2179,4.3829,0,0,0,0,0,0,0.01744,0,0,0,0.00086858,0.23766,0.042312,0,0,0,0,0,0,0,1,0,0,0,0,0,0,0,0,0,0,0,0,1,0,0
357,6101,2.9129,9.1848,12.922,3.1045,9.3513,13.336,1.6963,6.6625,14.145,5.4435,6.4977,3.0944,0,0,0,0,0,0,0.30313,0,0,0,0,0.05726,0.078772,0,0,0,0,0,0,0,1,0,0,0,0,0,0,0,0,0,0,0,0,0,1,0
358,5626,1.6963,6.6625,14.145,1.6399,7.7516,12.511,0.7364,3.7566,23.858,2.9129,9.1848,12.922,0,0,0,0,0,0,0.05784,0,0,0,0.00094552,0.39184,0.066424,0,0,0,0,0,0,0,1,0,0,0,0,0,0,0,0,0,0,0,0,0,1,0
359,5602,0.7364,3.7566,23.858,0.58476,4.0294,22.656,0.33462,8.4695,18.01,1.6963,6.6625,14.145,0,0,0,0,0,0,0,0,0,0,0.00016136,0.094527,0.099868,0,0,0,0,0,0,0,1,0,0,0,0,0,0,0,0,0,0,0,0,0,1,0
360,5234,0.33462,8.4695,18.01,0.45056,11.127,17.016,0.17316,7.5192,7.825,0.7364,3.7566,23.858,0,0,0,0,0,0,0.10656,0,0,0,0,0.17399,0.53072,0.012461,0,0,0,0,0,0,1,0,0,0,0,0,0,0,0,0,0,0,0,0,1,0
361,5839,0.17316,7.5192,7.825,0.22829,5.1375,5.8131,0.15407,3.42,11.688,0.33462,8.4695,18.01,0,0,0,0,0,0,0.019037,0,0,0.00062317,0.06334,0.1279,0.38604,0.022927,0,0,0,0,0,0,1,0,0,0,0,0,0,0,0,0,0,0,0,0,1,0
362,5312,0.15407,3.42,11.688,0.20802,3.6851,10.256,0.12628,8.7281,7.0878,0.17316,7.5192,7.825,0,0,0,0,0,0,0,0,0,0.0014491,0.038394,0.13575,0.71564,0.0056599,0,0,0,0,0,0,1,0,0,0,0,0,0,0,0,0,0,0,0,0,0,1
363,5405,0.12628,8.7281,7.0878,0.052064,7.1838,6.6986,0.031002,13.895,8.6884,0.15407,3.42,11.688,0,0,0,0,0,0,0,0,0,0.022448,0.022814,0.15869,0.51818,0.061573,0,0,0,0,0,0,1,0,0,0,0,0,0,0,0,0,0,0,0,0,0,1
364,5098,0.031002,13.895,8.6884,0,12.802,10.076,0.036011,16.879,12.861,0.12628,8.7281,7.0878,0,0,0,0,0,0,0,0,0,0.0068904,0.086041,0.8161,0.19296,0.019818,0,0,0,0,0,0,1,0,0,0,0,0,0,0,0,0,0,0,0,0,0,1
365,5222,0.036011,16.879,12.861,0.076166,19.369,10.107,0.035285,13.531,7.735,0.031002,13.895,8.6884,0,0,0,0,0,0,0,0,0,0.019471,0.32944,0.58539,0.013262,0.10668,0,0,0,0,0,0,1,0,0,0,0,0,0,0,0,0,0,0,0,0,0,1
366,5180,0.035285,13.531,7.735,0.064614,16.886,8.4461,0.23294,10.319,8.1647,0.036011,16.879,12.861,0,0,0,0,0,0,0,0,0,0.021646,0.58475,0.30108,0.35098,0.32498,0,0,0,0,0,0,0,1,0,0,1,0,0,0,0,0,0,0,0,0,0,0
367,5530,0.23294,10.319,8.1647,1.061,8.7882,6.6812,5.4399,7.3167,8.2309,0.035285,13.531,7.735,0,0,0,0,0,0,0,0,0,0,0.080275,0.56564,0.37462,0.019872,0,0,0,0,0,0,0,1,0,0,1,0,0,0,0,0,0,0,0,0,0,0
368,5499,5.4399,7.3167,8.2309,5.1144,7.5888,8.5484,3.3119,8.2858,10.792,0.23294,10.319,8.1647,0,0,0,0,0,0,0,0,0,0.06124,0.13185,0.56074,0.64485,0.18,0,0,0,0,0,0,0,1,0,0,1,0,0,0,0,0,0,0,0,0,0,0
369,5926,3.3119,8.2858,10.792,3.0816,8.5625,10.694,2.3187,6.4641,8.1807,5.4399,7.3167,8.2309,0,0,0,0,0,0,0,0,0,0.00067567,0.034577,0.72699,0.24569,0.048278,0,0,0,0,0,0,0,1,0,0,1,0,0,0,0,0,0,0,0,0,0,0
370,5779,2.3187,6.4641,8.1807,2.0614,5.9253,7.1153,4.2971,6.1472,7.3346,3.3119,8.2858,10.792,0,0,0,0,0,0,0.05069,0,0,0.070144,0.083043,0.48292,0.26364,0.1193,0,0,0,0,0,0,0,1,0,0,0,1,0,0,0,0,0,0,0,0,0,0
371,5632,4.2971,6.1472,7.3346,3.3986,5.9891,5.8237,2.6359,11.67,8.3513,2.3187,6.4641,8.1807,0,0,0,0,0,0,0,0,0,0.00098263,0.049216,0.68345,0.32773,0.099169,0,0,0,0,0,0,0,1,0,0,0,1,0,0,0,0,0,0,0,0,0,0
372,5905,2.6359,11.67,8.3513,2.2445,12.834,8.1581,3.9815,9.6501,5.1536,4.2971,6.1472,7.3346,0,0,0,0,0,0,0,0,0,0,0.094134,0.55986,0.14735,0.020502,0,0,0,0,0,0,0,1,0,0,0,1,0,0,0,0,0,0,0,0,0,0
373,5705,3.9815,9.6501,5.1536,3.1794,10.439,5.4187,5.3923,6.8466,5.8655,2.6359,11.67,8.3513,0,0,0,0,0,0,0,0,0,6.8122e-05,0.094441,0.47246,0.059261,0.040281,0,0,0,0,0,0,0,1,0,0,0,1,0,0,0,0,0,0,0,0,0,0
374,5430,5.3923,6.8466,5.8655,5.7731,7.3022,5.5597,3.2996,10.618,3.6928,3.9815,9.6501,5.1536,0,0,0,0,0,0,0,0,0,0.061692,0.38248,0.28921,0.53615,0.12377,0,0,0,0,0,0,0,1,0,0,0,0,1,0,0,0,0,0,0,0,0,0
375,5873,3.2996,10.618,3.6928,2.8078,9.3224,3.0803,4.9387,8.4947,10.358,5.3923,6.8466,5.8655,0,0,0,0,0,0,0.040905,0,0,0.037895,0.041011,0.23604,0.3396,0.10908,0,0,0,0,0,0,0,1,0,0,0,0,1,0,0,0,0,0,0,0,0,0
376,6003,4.9387,8.4947,10.358,4.5236,9.184,10.706,8.1146,5.2218,9.8618,3.2996,10.618,3.6928,0,0,0,0,0,0,0.25187,0,0,2.1407e-05,0.054336,0.15286,0.37495,0.027548,0,0,0,0,0,0,0,1,0,0,0,0,1,0,0,0,0,0,0,0,0,0
377,5684,8.1146,5.2218,9.8618,6.2343,5.0307,8.3054,3.4976,9.1129,10.035,4.9387,8.4947,10.358,0,0,0,0,0,0,0,0,0,0.0024086,0.14963,0.68831,0.098835,0,0,0,0,0,0,0,0,1,0,0,0,0,1,0,0,0,0,0,0,0,0,0
378,5828,3.4976,9.1129,10.035,3.5982,8.7985,10.437,2.0785,9.7946,7.0836,8.1146,5.2218,9.8618,0,0,1,0,0,0,0.13697,0,0,0,0.01814,0.18191,0.59001,0,0,0,0,0,0,0,0,1,0,0,0,0,1,0,0,0,0,0,0,0,0,0
379,5803,2.0785,9.7946,7.0836,2.1718,9.6235,7.1122,1.1778,6.0441,9.0731,3.4976,9.1129,10.035,0,0,0,0,0,0,0,0,0,0,0.047334,0.41846,0.1295,0.00085518,0,0,0,0,0,0,0,1,0,0,0,0,0,1,0,0,0,0,0,0,0,0
380,6688,1.1778,6.0441,9.0731,1.171,5.6169,9.4709,0.62634,11.307,6.1744,2.0785,9.7946,7.0836,0,0,0,0,0,0,0.2568,0,0,0,0,0.0044208,0.51419,0,0,0,0,0,0,0,0,1,0,0,0,0,0,1,0,0,0,0,0,0,0,0
381,6650,0.62634,11.307,6.1744,0.69775,11.686,7.7147,1.5799,6.9274,6.2296,1.1778,6.0441,9.0731,0,0,0,0,0,0,0.6507,0.064937,0,0,0.039052,0.052232,0.37323,0,0,0,0,0,0,0,0,1,0,0,0,0,0,1,0,0,0,0,0,0,0,0
382,6102,1.5799,6.9274,6.2296,1.2339,5.5252,4.8398,0.56878,23.907,3.4269,0.62634,11.307,6.1744,0,0,0,0,0,0,0.22887,0.044019,0,0,0.001084,0.085522,0.50731,0,0,0,0,0,0,0,0,1,0,0,0,0,0,1,0,0,0,0,0,0,0,0
383,6239,0.56878,23.907,3.4269,0.53623,23.797,3.8379,0.28988,17.424,4.0692,1.5799,6.9274,6.2296,0,0,0,0,0,0,0.12856,0.044065,0,0,0,0.06362,0.48091,0,0,0,0,0,0,0,0,1,0,0,0,0,0,0,1,0,0,0,0,0,0,0
384,6621,0.28988,17.424,4.0692,0.25343,16.864,4.2812,0.14041,24.89,4.2185,0.56878,23.907,3.4269,0,0,0,0,0,0,0.44228,0.16602,0,0,0,0.037814,0.39601,0,0,0,0,0,0,0,0,1,0,0,0,0,0,0,1,0,0,0,0,0,0,0
385,6136,0.14041,24.89,4.2185,0.11646,21.758,4.6594,0.07081,21.004,6.1966,0.28988,17.424,4.0692,0,0,0,0,0,0,0.35635,0.053248,0,0,0,0.021511,0.50375,0,0,0,0,0,0,0,0,1,0,0,0,0,0,0,1,0,0,0,0,0,0,0
386,6463,0.07081,21.004,6.1966,0.021279,17.05,6.4791,0.013689,17.243,3.5526,0.14041,24.89,4.2185,0,0,0,0,1,0,0.65094,0.076178,0,0,0,0.016511,0.35052,0,0,0,0,0,0,0,0,1,0,0,0,0,0,0,1,0,0,0,0,0,0,0
387,7182,0.013689,17.243,3.5526,0.0117,17.474,4.399,0.0074713,13.017,5.7073,0.07081,21.004,6.1966,0,0,0,0,0,0,0.58847,0.40785,0,0,0,0,0.25379,0,0,0,0,0,0,0,0,1,0,0,0,0,0,0,1,0,0,0,0,0,0,0
388,6637,0.0074713,13.017,5.7073,0,13.059,5.417,2.3439,12.886,12.533,0.013689,17.243,3.5526,0,0,0,0,0,0,0.56685,0.19084,0,0,0,0,0.35839,0,0,0,0,0,0,0,0,1,0,0,0,0,0,0,0,1,0,0,0,0,0,0
389,6418,2.3439,12.886,12.533,2.3812,13.129,11.275,1.1512,13.106,13.746,0.0074713,13.017,5.7073,0,0,0,0,0,0,0.59349,0.24187,0,0,0,0,0.4862,0,0,0,0,0,0,0,0,1,0,0,0,0,0,0,0,1,0,0,0,0,0,0
390,6839,1.1512,13.106,13.746,1.2962,15.851,14.083,0.59766,8.3294,15.445,2.3439,12.886,12.533,0,0,0,0,0,0,0.55212,0.44154,0,0,0,0,0.082334,0,0,0,0,0,0,0,0,1,0,0,0,0,0,0,0,1,0,0,0,0,0,0
391,6875,0.59766,8.3294,15.445,0.71401,9.766,14.876,0.32054,14.677,11.518,1.1512,13.106,13.746,0,0,0,0,0,0,0.60066,0.39119,0.0025601,0,0,0,0.40572,0,0,0,0,0,0,0,0,1,0,0,0,0,0,0,0,1,0,0,0,0,0,0
392,6548,0.32054,14.677,11.518,0.47683,14.41,11.969,2.345,14.074,8.2002,0.59766,8.3294,15.445,0,0,0,0,0,0,0.20772,0.77772,0.014349,0,0,0,0.14819,0,0,0,0,0,0,0,0,1,0,0,0,0,0,0,0,0,1,0,0,0,0,0
393,6714,2.345,14.074,8.2002,2.2925,14.228,7.649,1.1204,9.6495,9.7516,0.32054,14.677,11.518,0,0,0,0,0,0,0.79547,0.12244,0.048075,0,0,0,0.31137,0,0,0,0,0,0,0,0,1,0,0,0,0,0,0,0,0,1,0,0,0,0,0
394,6875,1.1204,9.6495,9.7516,1.1296,10.136,10.393,0.49968,5.7738,19.82,2.345,14.074,8.2002,0,0,0,0,0,0,0.36459,0.58109,0.042509,0,0,0,0.38105,0,0,0,0,0,0,0,0,1,0,0,0,0,0,0,0,0,1,0,0,0,0,0
395,6944,0.49968,5.7738,19.82,0.45303,6.0642,17.073,0.20406,14.349,12.287,1.1204,9.6495,9.7516,0,0,0,0,0,0,0.21778,0.67078,0.0041149,0,0,0,0.28135,0,0,0,0,0,0,0,0,1,0,0,0,0,0,0,0,0,1,0,0,0,0,0
396,6705,0.20406,14.349,12.287,0.11976,13.435,9.7079,0.054008,16.105,8.2631,0.49968,5.7738,19.82,0,0,0,0,0,0,0.11931,0.8783,0.0023903,0,0,0,0.30791,0,0,0,0,0,0,0,0,1,0,0,0,0,0,0,0,0,0,1,0,0,0,0
397,6587,0.054008,16.105,8.2631,0.039138,16.462,9.6149,0.020151,9.4271,9.4836,0.20406,14.349,12.287,0,0,0,0,0,0,0.36619,0.62722,0,0,0,0,0.085216,0,0,0,0,0,0,0,0,1,0,0,0,0,0,0,0,0,0,1,0,0,0,0
398,6993,0.020151,9.4271,9.4836,0.020963,9.9935,9.6434,0.011744,7.0945,8.2307,0.054008,16.105,8.2631,0,0,0,0,0,0,0.34192,0.6412,0,0,0,0,0.36959,0,0,0,0,0,0,0,0,1,0,0,0,0,0,0,0,0,0,1,0,0,0,0
399,6879,0.011744,7.0945,8.2307,0,7.806,9.0639,0.99605,5.8182,8.0722,0.020151,9.4271,9.4836,0,0,0,0,0,0,0.22082,0.54459,0.17419,0,0,0,0.5942,0,0,0,0,0,0,0,0,1,0,0,0,0,0,0,0,0,0,1,0,0,0,0
400,7032,0.99605,5.8182,8.0722,1.0171,4.8507,7.2191,0.42077,4.8098,7.0479,0.011744,7.0945,8.2307,0,0,0,0,0,1,0.62096,0.15549,0,0,0,0,0.53899,0,0,0,0,0,0,0,0,1,0,0,0,0,0,0,0,0,0,1,0,0,0,0
401,7308,0.42077,4.8098,7.0479,0.33982,4.2674,6.6121,0.17715,2.9617,11.234,0.99605,5.8182,8.0722,0,0,0,0,0,0,0.36851,0.57961,8.551e-05,0,0,0,0.27498,0,0,0,0,0,0,0,0,1,0,0,0,0,0,0,0,0,0,0,1,0,0,0
402,7175,0.17715,2.9617,11.234,0.0974,2.5262,9.8471,0.050022,4.5451,9.025,0.42077,4.8098,7.0479,0,0,0,0,0,0,0.79031,0.12959,0,0,0,0,0.53627,0,0,0,0,0,0,0,0,1,0,0,0,0,0,0,0,0,0,0,1,0,0,0
403,7398,0.050022,4.5451,9.025,0.028789,4.2306,9.0317,0.015099,4.8567,12.52,0.17715,2.9617,11.234,0,0,0,0,0,0,0.80002,0.0023374,0,0,0,0,0.20267,0,0,0,0,0,0,0,0,1,0,0,0,0,0,0,0,0,0,0,1,0,0,0
404,7346,0.015099,4.8567,12.52,0,4.9959,11.78,0,9.2739,9.6037,0.050022,4.5451,9.025,0,0,0,0,0,0,0.41394,0.12304,0,0,0,0,0.44059,0,0,0,0,0,0,0,0,1,0,0,0,0,0,0,0,0,0,0,1,0,0,0
405,6998,0,9.2739,9.6037,0,6.8588,8.3741,0,7.6831,10.588,0.015099,4.8567,12.52,0,0,0,0,0,0,0.59072,0.16156,0,0,0,0.04243,0.23615,0,0,0,0,0,0,0,0,1,0,0,0,0,0,0,0,0,0,0,0,1,0,0
406,6515,0,7.6831,10.588,0,7.1552,10.95,0.51616,6.7367,8.1643,0,9.2739,9.6037,0,0,0,0,0,0,0.19282,0,0,0,0,0.068045,0.57267,0,0,0,0,0,0,0,0,1,0,0,0,0,0,0,0,0,0,0,0,1,0,0
407,6023,0.51616,6.7367,8.1643,0.38327,9.1732,8.6392,2.4345,9.9236,5.9115,0,7.6831,10.588,0,0,0,0,0,0,0.041994,0,0,0,0,0.050442,0.39311,0,0,0,0,0,0,0,0,1,0,0,0,0,0,0,0,0,0,0,0,1,0,0
408,5964,2.4345,9.9236,5.9115,2.3419,11.067,5.9102,1.2931,9.5522,9.3939,0.51616,6.7367,8.1643,0,0,0,0,0,0,0,0,0,0,0.00021249,0.12142,0.36366,0.00036455,0,0,0,0,0,0,0,1,0,0,0,0,0,0,0,0,0,0,0,1,0,0
409,5531,1.2931,9.5522,9.3939,1.1483,12.043,11.459,0.58303,16.507,7.6948,2.4345,9.9236,5.9115,0,0,0,0,0,0,0,0,0,0.00062132,0.13658,0.46488,0.18456,0.048099,0,0,0,0,0,0,0,1,0,0,0,0,0,0,0,0,0,0,0,0,1,0
410,6370,0.58303,16.507,7.6948,0.45416,13.715,6.9347,0.21118,9.2409,20.16,1.2931,9.5522,9.3939,0,0,0,0,0,0,0.18108,0,0,0,0.00030097,0.057535,0.19028,0,0,0,0,0,0,0,0,1,0,0,0,0,0,0,0,0,0,0,0,0,1,0
411,5559,0.21118,9.2409,20.16,0.12125,7.6946,15.404,0.062004,15.192,11.251,0.58303,16.507,7.6948,0,0,0,0,0,0,0,0,0,0,0.049847,0.16106,0.37682,0,0,0,0,0,0,0,0,1,0,0,0,0,0,0,0,0,0,0,0,0,1,0
412,5570,0.062004,15.192,11.251,0.023244,15.389,12.483,0.013952,10.676,15.239,0.21118,9.2409,20.16,0,0,0,0,0,0,0,0,0,0,0.0011766,0.51466,0.17017,0.017472,0,0,0,0,0,0,0,1,0,0,0,0,0,0,0,0,0,0,0,0,1,0
413,5098,0.013952,10.676,15.239,0.01803,10.983,13.989,0.0069293,7.7272,6.1476,0.062004,15.192,11.251,0,0,0,0,0,0,0,0,0,0.0012207,0.12354,0.64195,0.049142,0.0078466,0,0,0,0,0,0,0,1,0,0,0,0,0,0,0,0,0,0,0,0,1,0
414,5441,0.0069293,7.7272,6.1476,0,6.659,4.916,0,7.2423,10.309,0.013952,10.676,15.239,0,0,0,0,0,0,0,0,0,0.0036102,0.48255,0.42883,0.046305,0.25679,0,0,0,0,0,0,0,1,0,0,0,0,0,0,0,0,0,0,0,0,0,1
415,5688,0,7.2423,10.309,0,4.8798,10.167,1.6914,13.555,9.6476,0.0069293,7.7272,6.1476,0,0,0,0,0,0,0,0,0,0,0.05593,0.56723,0.39631,0.005847,0,0,0,0,0,0,0,1,0,0,0,0,0,0,0,0,0,0,0,0,0,1
416,5721,1.6914,13.555,9.6476,2.3758,12.217,11.129,1.9823,11.638,17.525,0,7.2423,10.309,0,0,0,0,0,0,0,0,0,0.03736,0.029287,0.28002,0.36964,0.054417,0,0,0,0,0,0,0,1,0,0,0,0,0,0,0,0,0,0,0,0,0,1
417,5722,1.9823,11.638,17.525,2.0864,9.7496,18.887,1.3945,6.2384,13.847,1.6914,13.555,9.6476,0,0,0,0,0,0,0,0,0,0.0013045,0.16737,0.77015,0.051124,0.073391,0,0,0,0,0,0,0,1,0,0,0,0,0,0,0,0,0,0,0,0,0,1
418,5602,1.3945,6.2384,13.847,2.0378,7.3295,15.132,1.5011,4.3693,12.776,1.9823,11.638,17.525,0,0,0,0,0,0,0,0,0,0.00094109,0.095977,0.58257,0.35337,0.09484,0,0,0,0,0,0,0,0,1,0,1,0,0,0,0,0,0,0,0,0,0,0
419,5434,1.5011,4.3693,12.776,1.8276,4.0628,12.086,1.1441,3.0586,15.835,1.3945,6.2384,13.847,0,0,0,0,0,0,0,0,0,0.021365,0.27547,0.5127,0.077701,0.046862,0,0,0,0,0,0,0,0,1,0,1,0,0,0,0,0,0,0,0,0,0,0
420,5440,1.1441,3.0586,15.835,1.8072,3.28,16.415,0.88735,5.0995,10.395,1.5011,4.3693,12.776,0,0,0,0,0,0,0,0,0,0.42942,0.39474,0.12841,0.054232,0.30748,0,0,0,0,0,0,0,0,1,0,1,0,0,0,0,0,0,0,0,0,0,0
421,5612,0.88735,5.0995,10.395,1.1413,4.9691,10.139,3.4874,8.0468,7.9161,1.1441,3.0586,15.835,0,0,0,0,0,0,0,0,0,0.19658,0.59042,0.072075,0.017299,0.15513,0,0,0,0,0,0,0,0,1,0,1,0,0,0,0,0,0,0,0,0,0,0
422,5813,3.4874,8.0468,7.9161,3.19,7.2412,7.7313,1.7657,7.5625,10.79,0.88735,5.0995,10.395,0,0,0,0,0,0,0,0,0,0.0013386,0.017489,0.72284,0.25246,0.084579,0,0,0,0,0,0,0,0,1,0,1,0,0,0,0,0,0,0,0,0,0,0
423,5219,1.7657,7.5625,10.79,2.2149,6.5594,10.574,1.4854,11.472,10.879,3.4874,8.0468,7.9161,0,0,0,0,0,0,0,0,0,0.20449,0.31676,0.38894,0.24717,0.33579,0,0,0,0,0,0,0,0,1,0,0,1,0,0,0,0,0,0,0,0,0,0
424,5283,1.4854,11.472,10.879,1.7123,10.35,10.809,0.83806,8.2412,9.6469,1.7657,7.5625,10.79,0,0,0,0,0,0,0,0,0,0.077149,0.11656,0.45678,0.52376,0.21346,0,0,0,0,0,0,0,0,1,0,0,1,0,0,0,0,0,0,0,0,0,0
425,5728,0.83806,8.2412,9.6469,1.2068,9.8216,11.477,0.70835,8.4387,8.1744,1.4854,11.472,10.879,0,0,0,0,0,0,0,0,0,0.021543,0.060721,0.32264,0.63189,0.18315,0,0,0,0,0,0,0,0,1,0,0,1,0,0,0,0,0,0,0,0,0,0
426,6229,0.70835,8.4387,8.1744,0.82874,6.6045,7.4928,3.4202,3.8133,10.926,0.83806,8.2412,9.6469,0,0,0,0,0,0,0,0,0,0.074418,0.079564,0.28122,0.42559,0.24731,0,0,0,0,0,0,0,0,1,0,0,1,0,0,0,0,0,0,0,0,0,0
427,6201,3.4202,3.8133,10.926,3.2215,3.5061,11.223,4.1966,2.7657,10.539,0.70835,8.4387,8.1744,0,0,0,0,0,0,0.0061471,0,0,0.049068,0.093333,0.34371,0.22499,0.093797,0,0,0,0,0,0,0,0,1,0,0,0,1,0,0,0,0,0,0,0,0,0
428,6783,4.1966,2.7657,10.539,4.3524,2.3677,11.843,4.7168,1.1627,10.178,3.4202,3.8133,10.926,0,0,0,0,0,0,0.043671,0,0,0.021716,0.015434,0.25547,0.27666,0.056237,0,0,0,0,0,0,0,0,1,0,0,0,1,0,0,0,0,0,0,0,0,0
429,6891,4.7168,1.1627,10.178,4.6911,0.8037,11.008,4.5226,2.5187,10.084,4.1966,2.7657,10.539,0,0,0,0,0,0,0,0,0,0,0,0.1169,0.44121,0.055663,0,0,0,0,0,0,0,0,1,0,0,0,1,0,0,0,0,0,0,0,0,0
430,6633,4.5226,2.5187,10.084,4.7583,2.4745,10.349,4.09,1.3343,10.883,4.7168,1.1627,10.178,0,0,0,0,0,0,0.048198,0,0,0,0.069682,0.17344,0.43555,0.0010653,0,0,0,0,0,0,0,0,1,0,0,0,1,0,0,0,0,0,0,0,0,0
431,6315,4.09,1.3343,10.883,3.7949,1.6041,10.054,1.801,0.92518,13.651,4.5226,2.5187,10.084,0,0,0,0,0,0,0.1488,0,0,0,0.0012202,0.26122,0.42091,0.020695,0,0,0,0,0,0,0,0,1,0,0,0,0,1,0,0,0,0,0,0,0,0
432,6910,1.801,0.92518,13.651,2.1524,1.3194,14.554,1.0417,2.2391,14.325,4.09,1.3343,10.883,0,0,0,0,0,0,0.10289,0.00083703,0,0,0.02185,0.077399,0.26097,0,0,0,0,0,0,0,0,0,1,0,0,0,0,1,0,0,0,0,0,0,0,0
433,6837,1.0417,2.2391,14.325,0.74665,2.4152,14.05,3.2564,2.1139,9.8379,1.801,0.92518,13.651,0,0,1,0,0,0,0.067936,0,0,0,0.00088813,0.042485,0.42158,0,0,0,0,0,0,0,0,0,1,0,0,0,0,1,0,0,0,0,0,0,0,0
434,6766,3.2564,2.1139,9.8379,3.1781,1.9514,8.1051,1.7886,15.51,8.1647,1.0417,2.2391,14.325,0,0,0,0,0,0,0.014589,0.0060993,0,0,0,0.067861,0.59019,0,0,0,0,0,0,0,0,0,1,0,0,0,0,1,0,0,0,0,0,0,0,0
435,6994,1.7886,15.51,8.1647,2.1667,12.442,8.3412,1.2584,7.3981,9.8876,3.2564,2.1139,9.8379,0,0,0,0,0,0,0.36314,0.0099005,0,0,0,0.040853,0.41912,0,0,0,0,0,0,0,0,0,1,0,0,0,0,0,1,0,0,0,0,0,0,0
436,7313,1.2584,7.3981,9.8876,1.2344,4.8841,15.086,0.71229,18.534,7.4,1.7886,15.51,8.1647,0,0,0,0,0,0,0.64482,0.060569,0,0,0,0.037175,0.62943,0.036907,0,0,0,0,0,0,0,0,1,0,0,0,0,0,1,0,0,0,0,0,0,0
437,6969,0.71229,18.534,7.4,0.89482,13.617,8.0891,0.45411,8.0381,17.965,1.2584,7.3981,9.8876,0,0,0,0,0,0,0.26728,0.021857,0,0,0,0.0006038,0.57083,0,0,0,0,0,0,0,0,0,1,0,0,0,0,0,1,0,0,0,0,0,0,0
438,6822,0.45411,8.0381,17.965,0.32553,5.4392,14.659,1.0439,6.7861,21.159,0.71229,18.534,7.4,0,0,0,0,1,0,0.02899,0.06734,0,0,0,0,0.52303,0,0,0,0,0,0,0,0,0,1,0,0,0,0,0,1,0,0,0,0,0,0,0
439,6960,1.0439,6.7861,21.159,1.3614,7.8791,22.646,0.52557,12.767,13.676,0.45411,8.0381,17.965,0,0,0,0,0,0,0.50379,0.10348,0.0061912,0,0,0,0.33124,0,0,0,0,0,0,0,0,0,1,0,0,0,0,0,1,0,0,0,0,0,0,0
440,6654,0.52557,12.767,13.676,0.58533,10.613,12.309,0.26693,7.9254,12.061,1.0439,6.7861,21.159,0,0,0,0,0,0,0.63034,0.0048994,0,0,0,0,0.63007,0,0,0,0,0,0,0,0,0,1,0,0,0,0,0,0,1,0,0,0,0,0,0
441,7064,0.26693,7.9254,12.061,0.21707,9.5446,12.846,0.094562,15.508,9.3838,0.52557,12.767,13.676,0,0,0,0,0,0,0.80868,0.067858,0,0,0,0,0.48652,0,0,0,0,0,0,0,0,0,1,0,0,0,0,0,0,1,0,0,0,0,0,0
442,6689,0.094562,15.508,9.3838,0.099548,12.245,9.9685,1.7445,12.661,5.8348,0.26693,7.9254,12.061,0,0,0,0,0,0,0.73059,0.020228,0,0,0,0,0.29077,0,0,0,0,0,0,0,0,0,1,0,0,0,0,0,0,1,0,0,0,0,0,0
443,6838,1.7445,12.661,5.8348,2.3793,10.596,5.8155,8.4411,5.4532,8.4732,0.094562,15.508,9.3838,0,0,0,0,0,0,0.69059,0.27432,0.0050238,0,0,0,0.40744,0,0,0,0,0,0,0,0,0,1,0,0,0,0,0,0,1,0,0,0,0,0,0
444,7439,8.4411,5.4532,8.4732,7.8577,5.185,9.1752,3.9308,14.491,5.3786,1.7445,12.661,5.8348,0,0,0,1,0,0,0.23557,0.76443,0,0,0,0,0.29261,0,0,0,0,0,0,0,0,0,1,0,0,0,0,0,0,0,1,0,0,0,0,0
445,6972,3.9308,14.491,5.3786,3.6898,15.599,5.3818,9.8005,8.9104,6.0545,8.4411,5.4532,8.4732,0,0,0,0,0,0,0.57279,0.27264,0.050086,0,0,0,0.40523,0,0,0,0,0,0,0,0,0,1,0,0,0,0,0,0,0,1,0,0,0,0,0
446,6854,9.8005,8.9104,6.0545,9.6928,9.7028,5.5903,4.943,9.0533,12.192,3.9308,14.491,5.3786,0,0,0,0,0,0,0.51452,0.4319,0.053098,0,0,0,0.21716,0,0,0,0,0,0,0,0,0,1,0,0,0,0,0,0,0,1,0,0,0,0,0
447,7149,4.943,9.0533,12.192,5.2713,10.313,13.928,2.9213,6.7427,14.266,9.8005,8.9104,6.0545,0,0,0,0,0,0,0.62141,0.31069,0.046063,0,0,0,0.15807,0,0,0,0,0,0,0,0,0,1,0,0,0,0,0,0,0,1,0,0,0,0,0
448,6866,2.9213,6.7427,14.266,2.8632,7.3618,14.185,1.4487,10.093,11.594,4.943,9.0533,12.192,0,0,0,0,0,0,0.71509,0.22494,0.023872,0,0,0,0.61205,0,0,0,0,0,0,0,0,0,1,0,0,0,0,0,0,0,0,1,0,0,0,0
449,6950,1.4487,10.093,11.594,1.3557,9.7653,11.451,6.7628,8.1191,9.389,2.9213,6.7427,14.266,0,0,0,0,0,0,0.76623,0.16398,0.012299,0,0,0,0.48663,0,0,0,0,0,0,0,0,0,1,0,0,0,0,0,0,0,0,1,0,0,0,0
450,7072,6.7628,8.1191,9.389,4.9795,9.144,10.196,2.7203,6.8808,7.0892,1.4487,10.093,11.594,0,0,0,0,0,0,0.43001,0.54068,0.029106,0,0,0,0.36159,0,0,0,0,0,0,0,0,0,1,0,0,0,0,0,0,0,0,1,0,0,0,0
451,7114,2.7203,6.8808,7.0892,2.4243,8.1889,8.8588,4.0898,6.053,6.3501,6.7628,8.1191,9.389,0,0,0,0,0,0,0.36542,0.59461,0.031943,0,0,0,0.25331,0,0,0,0,0,0,0,0,0,1,0,0,0,0,0,0,0,0,1,0,0,0,0
452,6956,4.0898,6.053,6.3501,3.5825,5.8727,6.115,2.0375,3.8097,5.2243,2.7203,6.8808,7.0892,0,0,0,0,0,1,0.33804,0.46693,0,0,0,0,0.53655,0,0,0,0,0,0,0,0,0,1,0,0,0,0,0,0,0,0,1,0,0,0,0
453,7092,2.0375,3.8097,5.2243,1.44,3.2086,4.8689,6.4293,4.477,3.5072,4.0898,6.053,6.3501,0,0,0,0,0,0,0.47868,0.073764,0,0,0,0,0.16891,0,0,0,0,0,0,0,0,0,1,0,0,0,0,0,0,0,0,0,1,0,0,0
454,6986,6.4293,4.477,3.5072,5.0305,4.09,4.1036,6.4082,3.9572,6.8821,2.0375,3.8097,5.2243,0,0,0,0,0,0,0.55925,0.01897,0,0,0,0.019435,0.46635,0,0,0,0,0,0,0,0,0,1,0,0,0,0,0,0,0,0,0,1,0,0,0
455,7343,6.4082,3.9572,6.8821,5.4236,3.8415,7.2434,3.0052,6.2006,6.2289,6.4293,4.477,3.5072,0,0,0,0,0,0,0.65805,0,0,0,0,0.024413,0.22712,0,0,0,0,0,0,0,0,0,1,0,0,0,0,0,0,0,0,0,1,0,0,0
456,6986,3.0052,6.2006,6.2289,2.9956,6.0268,6.4856,1.6532,6.1481,7.6002,6.4082,3.9572,6.8821,0,0,0,0,0,0,0.54744,0,0,0,0,0,0.32731,0,0,0,0,0,0,0,0,0,1,0,0,0,0,0,0,0,0,0,1,0,0,0
457,6636,1.6532,6.1481,7.6002,1.3436,5.2333,7.998,4.7317,3.229,9.8818,3.0052,6.2006,6.2289,0,0,0,0,0,0,0.081539,0,0,0,0,0.10379,0.22195,0,0,0,0,0,0,0,0,0,1,0,0,0,0,0,0,0,0,0,0,1,0,0
458,7101,4.7317,3.229,9.8818,4.6822,2.7323,9.9348,9.1009,1.4791,8.2105,1.6532,6.1481,7.6002,0,0,0,0,0,0,0.078996,0,0,0,0,0,0.56849,0,0,0,0,0,0,0,0,0,1,0,0,0,0,0,0,0,0,0,0,1,0,0
459,6753,9.1009,1.4791,8.2105,8.3871,1.1389,7.9732,5.3079,8.7612,7.3469,4.7317,3.229,9.8818,0,0,0,0,0,0,0.16723,0,0,0,0,0.10807,0.30324,0,0,0,0,0,0,0,0,0,1,0,0,0,0,0,0,0,0,0,0,1,0,0
460,6676,5.3079,8.7612,7.3469,6.547,6.5314,8.6116,3.7941,4.2151,9.4392,9.1009,1.4791,8.2105,0,0,0,0,0,0,0.037235,0.0069454,0,0,0,0.21632,0.30387,0,0,0,0,0,0,0,0,0,1,0,0,0,0,0,0,0,0,0,0,1,0,0
461,7604,3.7941,4.2151,9.4392,3.5829,3.7526,9.6034,2.0726,10.359,12.936,5.3079,8.7612,7.3469,0,0,0,0,0,0,0.40726,0,0,0.00056114,0.0089779,0.10863,0.19981,0.010666,0,0,0,0,0,0,0,0,1,0,0,0,0,0,0,0,0,0,0,1,0,0
462,5997,2.0726,10.359,12.936,2.223,6.7014,15.796,1.3005,8.5625,12.066,3.7941,4.2151,9.4392,0,0,0,0,0,0,0.027992,0,0,0.0024843,0.066564,0.2288,0.13506,0,0,0,0,0,0,0,0,0,1,0,0,0,0,0,0,0,0,0,0,0,1,0
463,6051,1.3005,8.5625,12.066,1.1295,7.8615,12.194,0.59502,7.7182,14.054,2.0726,10.359,12.936,0,0,0,0,0,0,0.0064703,0,0,0.00066478,0.0012527,0.61893,0.45393,0,0,0,0,0,0,0,0,0,1,0,0,0,0,0,0,0,0,0,0,0,1,0
464,6435,0.59502,7.7182,14.054,0.62051,7.9784,14.949,2.2146,13.018,11.756,1.3005,8.5625,12.066,0,0,0,0,0,0,0.013797,0,0,0.010422,0.031912,0.11022,0.070997,0.00981,0,0,0,0,0,0,0,0,1,0,0,0,0,0,0,0,0,0,0,0,1,0
465,5405,2.2146,13.018,11.756,2.3173,13.134,7.8775,4.8547,5.2118,6.0435,0.59502,7.7182,14.054,0,0,0,0,0,0,0,0,0,0.021558,0.05296,0.63836,0.48053,0.052516,0,0,0,0,0,0,0,0,1,0,0,0,0,0,0,0,0,0,0,0,1,0
466,5883,4.8547,5.2118,6.0435,4.8087,5.6251,5.0625,2.7472,3.387,8.6822,2.2146,13.018,11.756,0,0,0,0,0,0,0,0,0,0.049979,0.05771,0.63743,0.47776,0.035799,0,0,0,0,0,0,0,0,1,0,0,0,0,0,0,0,0,0,0,0,0,1
467,5762,2.7472,3.387,8.6822,2.5862,3.7207,10.289,1.4345,14.263,7.7767,4.8547,5.2118,6.0435,0,0,0,0,0,0,0,0,0,0.021835,0.19509,0.72286,0.41513,0.093604,0,0,0,0,0,0,0,0,1,0,0,0,0,0,0,0,0,0,0,0,0,1
468,5546,1.4345,14.263,7.7767,1.8119,13.09,8.9743,1.4994,17.382,12.506,2.7472,3.387,8.6822,0,0,0,0,0,0,0,0,0,0.0007839,0.20864,0.75139,0.10707,0.14041,0,0,0,0,0,0,0,0,1,0,0,0,0,0,0,0,0,0,0,0,0,1
469,5999,1.4994,17.382,12.506,1.9393,18.607,14.503,1.2949,11.41,10.265,1.4345,14.263,7.7767,0,0,0,0,0,0,0,0,0,0.00012681,0.036994,0.83419,0.026055,0.084849,0,0,0,0,0,0,0,0,1,0,0,0,0,0,0,0,0,0,0,0,0,1
470,6672,1.2949,11.41,10.265,1.4095,11.065,9.6126,0.81202,6.1779,10.095,1.4994,17.382,12.506,0,0,0,0,0,0,0.005686,0,0,0.0017108,0.076438,0.1366,0.56073,0.074444,0,0,0,0,0,0,0,0,0,1,1,0,0,0,0,0,0,0,0,0,0,0
471,6062,0.81202,6.1779,10.095,0.74821,5.7234,8.6685,0.53326,5.975,11.67,1.2949,11.41,10.265,0,0,0,0,0,0,0,0,0,0.058716,0.5303,0.37417,0.13527,0.29388,0,0,0,0,0,0,0,0,0,1,1,0,0,0,0,0,0,0,0,0,0,0
472,6606,0.53326,5.975,11.67,0.84236,6.4339,12.192,3.8463,3.7468,8.7183,0.81202,6.1779,10.095,0,0,0,0,0,0,0,0,0,0.039767,0.48439,0.19064,0.4651,0.077843,0,0,0,0,0,0,0,0,0,1,1,0,0,0,0,0,0,0,0,0,0,0
473,6020,3.8463,3.7468,8.7183,4.2386,3.6995,9.0481,2.5616,2.6636,10.171,0.53326,5.975,11.67,0,0,0,0,0,0,0,0,0,0.28057,0.40167,0.079432,0.17102,0.34814,0,0,0,0,0,0,0,0,0,1,1,0,0,0,0,0,0,0,0,0,0,0
474,6597,2.5616,2.6636,10.171,2.471,2.4916,8.3805,1.8502,1.9251,14.219,3.8463,3.7468,8.7183,0,0,0,0,0,0,0,0,0,0.30337,0.37335,0.29815,0.11396,0.55259,0,0,0,0,0,0,0,0,0,1,1,0,0,0,0,0,0,0,0,0,0,0
475,6321,1.8502,1.9251,14.219,2.1205,2.1695,13.066,1.6131,1.8989,16.516,2.5616,2.6636,10.171,0,0,0,0,0,0,0,0,0,0.070316,0.1822,0.62277,0.4413,0.32151,0,0,0,0,0,0,0,0,0,1,0,1,0,0,0,0,0,0,0,0,0,0
476,6539,1.6131,1.8989,16.516,2.0607,2.2568,14.955,1.1434,3.0752,11.185,1.8502,1.9251,14.219,0,0,0,0,0,0,0,0,0,0.10457,0.25032,0.41748,0.16106,0.11063,0,0,0,0,0,0,0,0,0,1,0,1,0,0,0,0,0,0,0,0,0,0
480,6845,5.6715,9.4236,3.8114,5.5269,9.9181,4.4255,9.7573,6.7579,2.533,9.379,9.8949,3.9202,0,0,0,0,0,0,0,0,0,0.019619,0.18762,0.43063,0.25053,0.035447,0,0,0,0,0,0,0,0,0,1,0,0,1,0,0,0,0,0,0,0,0,0
481,7182,9.7573,6.7579,2.533,8.6269,7.0529,2.0922,5.5869,6.1482,7.4621,5.6715,9.4236,3.8114,0,0,0,0,0,0,0.0089895,0,0,0.00010291,0.0016469,0.33388,0.49249,0.018504,0,0,0,0,0,0,0,0,0,1,0,0,1,0,0,0,0,0,0,0,0,0
482,7804,5.5869,6.1482,7.4621,6.4323,6.6222,6.9648,3.3254,9.6491,7.5432,9.7573,6.7579,2.533,0,0,0,0,0,0,0.21927,0,0,0,0,0.013075,0.39818,0,0,0,0,0,0,0,0,0,0,1,0,0,1,0,0,0,0,0,0,0,0,0
483,6920,3.3254,9.6491,7.5432,4.7932,9.1897,7.2181,3.1707,7.558,7.8114,5.5869,6.1482,7.4621,0,0,0,0,0,0,0.016601,0,0,0,0,0.19547,0.52181,0,0,0,0,0,0,0,0,0,0,1,0,0,0,1,0,0,0,0,0,0,0,0
484,7088,3.1707,7.558,7.8114,1.4763,7.0097,7.949,7.3594,3.97,5.3665,3.3254,9.6491,7.5432,0,0,1,0,0,0,0.077775,0,0,0,0.0011355,0.13026,0.2004,0.032939,0,0,0,0,0,0,0,0,0,1,0,0,0,1,0,0,0,0,0,0,0,0
485,8218,7.3594,3.97,5.3665,6.6998,4.5684,5.9478,7.0485,2.1994,6.5863,3.1707,7.558,7.8114,0,0,0,0,0,0,0.54526,0,0,0,0,0.0075958,0.062489,0,0,0,0,0,0,0,0,0,0,1,0,0,0,1,0,0,0,0,0,0,0,0
486,7868,7.0485,2.1994,6.5863,7.8138,2.1959,5.8673,4.3907,2.3439,9.9312,7.3594,3.97,5.3665,0,0,0,0,0,0,0.2827,0,0,0,0,0.086231,0.68089,0.017219,0,0,0,0,0,0,0,0,0,1,0,0,0,1,0,0,0,0,0,0,0,0
487,7753,4.3907,2.3439,9.9312,4.0611,1.9022,8.9021,2.2618,9.4216,6.3111,7.0485,2.1994,6.5863,0,0,0,0,0,0,0.20329,0,0,0,0,0.053497,0.7902,0.034141,0,0,0,0,0,0,0,0,0,1,0,0,0,1,0,0,0,0,0,0,0,0
488,8084,2.2618,9.4216,6.3111,2.3407,6.8076,6.8635,9.0023,3.9622,5.0599,4.3907,2.3439,9.9312,0,0,0,0,0,0,0.86096,0.063202,0,0,0,0.00010026,0.15784,0,0,0,0,0,0,0,0,0,0,1,0,0,0,0,1,0,0,0,0,0,0,0
489,8053,9.0023,3.9622,5.0599,8.7606,3.4616,4.9351,4.7313,1.9643,20.547,2.2618,9.4216,6.3111,0,0,0,0,0,0,0.51036,0,0,0,0,0.036449,0.56843,0,0,0,0,0,0,0,0,0,0,1,0,0,0,0,1,0,0,0,0,0,0,0
490,8317,4.7313,1.9643,20.547,4.3874,1.8591,20.767,2.4701,12.488,16.377,9.0023,3.9622,5.0599,0,0,0,0,1,0,0.79238,0.097762,0,0,0,0,0.33958,0,0,0,0,0,0,0,0,0,0,1,0,0,0,0,1,0,0,0,0,0,0,0
491,7753,2.4701,12.488,16.377,2.855,11.754,16.993,1.2162,20.279,8.5984,4.7313,1.9643,20.547,0,0,0,0,1,0,0.38085,0.092003,0,0,0,0,0.54963,0,0,0,0,0,0,0,0,0,0,1,0,0,0,0,1,0,0,0,0,0,0,0
492,7803,1.2162,20.279,8.5984,1.1948,13.978,7.5992,0.68933,12.235,12.664,2.4701,12.488,16.377,0,0,0,0,0,0,0.31574,0.078714,0,0,0,0,0.30417,0,0,0,0,0,0,0,0,0,0,1,0,0,0,0,0,1,0,0,0,0,0,0
493,7808,0.68933,12.235,12.664,0.76021,11.058,11.193,0.36222,5.9307,15.636,1.2162,20.279,8.5984,0,0,0,0,0,0,0.34209,0.30025,0,0,0,0,0.68399,0,0,0,0,0,0,0,0,0,0,1,0,0,0,0,0,1,0,0,0,0,0,0
494,7850,0.36222,5.9307,15.636,0.40118,6.2811,18.016,4.1056,4.4135,15.447,0.68933,12.235,12.664,0,0,0,0,0,0,0.59197,0.14148,0,0,0,0,0.4728,0,0,0,0,0,0,0,0,0,0,1,0,0,0,0,0,1,0,0,0,0,0,0
495,7642,4.1056,4.4135,15.447,5.7346,4.1924,14.349,2.7498,16.367,7.522,0.36222,5.9307,15.636,0,0,0,0,0,0,0.51829,0.03766,0,0,0,0,0.50003,0,0,0,0,0,0,0,0,0,0,1,0,0,0,0,0,1,0,0,0,0,0,0
496,8459,2.7498,16.367,7.522,3.3662,15.411,9.0921,1.87,15.8,6.2302,4.1056,4.4135,15.447,0,0,0,1,0,0,0.85983,0.125,0,0,0,0,0.48411,0,0,0,0,0,0,0,0,0,0,1,0,0,0,0,0,0,1,0,0,0,0,0
497,7983,1.87,15.8,6.2302,2.3292,16.94,7.4399,1.3558,18.573,4.625,2.7498,16.367,7.522,0,0,0,0,0,0,0.70907,0.26245,0,0,0,0,0.4208,0,0,0,0,0,0,0,0,0,0,1,0,0,0,0,0,0,1,0,0,0,0,0
498,7573,1.3558,18.573,4.625,1.6182,16.442,5.4471,0.8498,20.741,3.0406,1.87,15.8,6.2302,0,0,0,0,0,0,0.82479,0.053423,0.0072446,0,0,0,0.42191,0,0,0,0,0,0,0,0,0,0,1,0,0,0,0,0,0,1,0,0,0,0,0
499,7649,0.8498,20.741,3.0406,0.91946,17.295,2.8868,3.9345,18.946,2.1996,1.3558,18.573,4.625,0,0,0,0,0,0,0.30834,0.33754,0.010126,0,0,0,0.48211,0,0,0,0,0,0,0,0,0,0,1,0,0,0,0,0,0,1,0,0,0,0,0
500,8026,3.9345,18.946,2.1996,4.5301,17.304,3.0699,2.1015,13.267,2.8382,0.8498,20.741,3.0406,0,0,0,0,0,0,0.6734,0.29684,0.0049453,0,0,0,0.6326,0,0,0,0,0,0,0,0,0,0,1,0,0,0,0,0,0,1,0,0,0,0,0
501,7483,2.1015,13.267,2.8382,2.4489,13.752,3.5434,7.5105,7.3066,7.2286,3.9345,18.946,2.1996,0,0,0,0,0,0,0.38947,0.038622,0.0052875,0,0,0,0.20836,0,0,0,0,0,0,0,0,0,0,1,0,0,0,0,0,0,0,1,0,0,0,0
502,7540,7.5105,7.3066,7.2286,5.7207,8.2109,7.4992,5.7684,6.3723,6.8757,2.1015,13.267,2.8382,0,0,0,0,0,0,0.24555,0.048625,0,0,0,0,0.34588,0,0,0,0,0,0,0,0,0,0,1,0,0,0,0,0,0,0,1,0,0,0,0
503,8164,5.7684,6.3723,6.8757,4.9966,6.1027,7.4576,3.1435,8.9389,4.5111,7.5105,7.3066,7.2286,0,0,0,0,0,0,0.36839,0.25918,0,0,0,0,0.48135,0,0,0,0,0,0,0,0,0,0,1,0,0,0,0,0,0,0,1,0,0,0,0
504,8210,3.1435,8.9389,4.5111,2.4166,5.9994,3.8272,1.5737,6.0642,6.087,5.7684,6.3723,6.8757,0,0,0,0,0,0,0.75074,0.16406,0,0,0,0,0.37242,0,0,0,0,0,0,0,0,0,0,1,0,0,0,0,0,0,0,1,0,0,0,0
505,8365,1.5737,6.0642,6.087,1.7788,7.3667,8.1966,4.5213,4.6474,3.5676,3.1435,8.9389,4.5111,0,0,0,0,0,1,0.92228,0.0083047,0,0,0,0,0.43461,0,0,0,0,0,0,0,0,0,0,1,0,0,0,0,0,0,0,0,1,0,0,0
506,8328,4.5213,4.6474,3.5676,2.9871,5.1758,3.6394,1.7244,3.1267,7.6565,1.5737,6.0642,6.087,0,0,0,0,0,0,0.71005,0.048143,0,0,0,0,0.24437,0,0,0,0,0,0,0,0,0,0,1,0,0,0,0,0,0,0,0,1,0,0,0
507,8056,1.7244,3.1267,7.6565,1.4337,3.1498,6.3563,1.3794,1.8312,8.2651,4.5213,4.6474,3.5676,0,0,0,0,0,0,0.63474,0.033171,0,0,0,0,0.41777,0,0,0,0,0,0,0,0,0,0,1,0,0,0,0,0,0,0,0,1,0,0,0
508,8355,1.3794,1.8312,8.2651,1.7856,1.641,7.1733,1.2253,4.6193,12.289,1.7244,3.1267,7.6565,0,0,0,0,0,0,0.75531,0.0099411,0,0,0,0,0.078956,0,0,0,0,0,0,0,0,0,0,1,0,0,0,0,0,0,0,0,1,0,0,0
509,7691,1.2253,4.6193,12.289,1.4235,4.3534,11.31,0.7144,2.7251,13.957,1.3794,1.8312,8.2651,0,0,0,0,0,0,0.24312,0.0059829,0,0,0,0.023315,0.42028,0,0,0,0,0,0,0,0,0,0,1,0,0,0,0,0,0,0,0,0,1,0,0
510,7593,0.7144,2.7251,13.957,0.89669,2.9069,15.529,2.4565,1.7116,11.353,1.2253,4.6193,12.289,0,0,0,0,0,0,0.13667,0,0,0,0,0,0.14998,0,0,0,0,0,0,0,0,0,0,1,0,0,0,0,0,0,0,0,0,1,0,0
511,7111,2.4565,1.7116,11.353,2.6325,1.8475,11.101,1.3567,7.6179,8.1318,0.7144,2.7251,13.957,0,0,0,0,0,0,0.018893,0,0,0,0.0012399,0.036572,0.49818,0,0,0,0,0,0,0,0,0,0,1,0,0,0,0,0,0,0,0,0,1,0,0
512,7573,1.3567,7.6179,8.1318,1.3601,7.2328,7.2755,3.6549,4.2673,8.1804,2.4565,1.7116,11.353,0,0,0,0,0,0,0.014933,0.0053237,0,0,0,0.00021369,0.47749,0,0,0,0,0,0,0,0,0,0,1,0,0,0,0,0,0,0,0,0,1,0,0
513,8719,3.6549,4.2673,8.1804,3.8756,4.3243,8.7347,2.1757,2.8209,18.256,1.3567,7.6179,8.1318,0,0,0,0,0,0,0.46392,0,0,0,0,0.035715,0.47379,0,0,0,0,0,0,0,0,0,0,1,0,0,0,0,0,0,0,0,0,1,0,0
514,7139,2.1757,2.8209,18.256,2.0509,2.7648,18.453,2.6122,1.6919,18.913,3.6549,4.2673,8.1804,0,0,0,0,0,0,0.0063978,0,0,0,0,0.11179,0.17181,0,0,0,0,0,0,0,0,0,0,1,0,0,0,0,0,0,0,0,0,0,1,0
515,6627,2.6122,1.6919,18.913,2.2845,1.873,18.431,1.0337,1.0555,22.21,2.1757,2.8209,18.256,0,0,0,0,0,0,0,0,0,0,0.0039022,0.34703,0.35976,0.0020935,0,0,0,0,0,0,0,0,0,1,0,0,0,0,0,0,0,0,0,0,1,0
516,7387,1.0337,1.0555,22.21,0.92461,1.3923,25.158,2.7243,0.85675,22.577,2.6122,1.6919,18.913,0,0,0,0,0,0,0,0,0,0,0.0175,0.076255,0.63092,0.013697,0,0,0,0,0,0,0,0,0,1,0,0,0,0,0,0,0,0,0,0,1,0
517,6350,2.7243,0.85675,22.577,3.2059,1.2905,25.384,1.0249,0.58622,12.329,1.0337,1.0555,22.21,0,0,0,0,0,0,0,0,0,0,0.028976,0.54578,0.6007,0.049639,0,0,0,0,0,0,0,0,0,1,0,0,0,0,0,0,0,0,0,0,1,0
518,6526,1.0249,0.58622,12.329,0.65343,0.57333,10.639,2.9767,0.35231,13.975,2.7243,0.85675,22.577,0,0,0,0,0,0,0,0,0,0.019726,0.065188,0.87154,0.11537,0.053206,0,0,0,0,0,0,0,0,0,1,0,0,0,0,0,0,0,0,0,0,0,1
519,6707,2.9767,0.35231,13.975,2.3499,0.55819,13.083,1.2276,1.3955,14.667,1.0249,0.58622,12.329,0,0,0,0,0,0,0,0,0,0,0.0020082,0.16449,0.79198,0.032946,0,0,0,0,0,0,0,0,0,1,0,0,0,0,0,0,0,0,0,0,0,1
520,6321,1.2276,1.3955,14.667,1.2498,2.3243,13.318,0.46429,4.8811,16.978,2.9767,0.35231,13.975,0,0,0,0,0,0,0,0,0,0.10809,0.20812,0.65378,0.14253,0.12244,0,0,0,0,0,0,0,0,0,1,0,0,0,0,0,0,0,0,0,0,0,1
