"y","x1"
76.476074222955,42.457037686836
94.7501612718414,35.9882527031004
83.165886801694,3.70659799082205
36.6671243494416,13.4003845974803
0.373331021960567,24.6793896192685
75.2037531239683,34.3587229144759
16.258838511665,15.0017050094903
149.232526618097,34.1102052829228
2.96848411649995,42.1385114896111
103.641604549139,27.0130422431976
35.2497385764821,7.8915684716776
32.6775041159395,15.6010231585242
119.94707647625,29.7781720175408
25.558402355499,13.869437656831
30.2134501429253,7.82429008977488
13.1044594245572,16.1551119759679
57.9983663313316,26.2780753779225
93.177612795276,24.9558139010333
92.0665494827142,44.1085972473957
59.8672381187414,40.7262336229905
32.8540938035,5.23604585323483
96.877863604049,45.1396366930567
45.0871386290706,20.580734196119
86.3209446912799,32.759613613598
-14.6428563751995,28.4726796904579
36.0676571821228,17.0516936690547
102.011904482745,42.0197113766335
74.6932777306776,36.7675725836307
77.4145136538745,30.1558410865255
31.1122909234903,6.79399938089773
72.2231513876887,45.5510488129221
31.7403257832085,18.5583586222492
62.3285392287407,25.8856418309733
106.026879498075,43.0570003576577
14.6304130513215,8.0661759711802
-45.3636660612178,10.3832466411404
61.1971270889946,27.4650034029037
54.6357924400998,24.4923152262345
109.743592162059,48.1043024570681
48.3059070185384,17.3755852854811
22.6852775381413,7.30892426799983
78.9178746811105,46.574618795421
40.3988490227105,12.31072753435
76.6039526254903,42.4913900438696
118.424104089669,25.5143870133907
79.0984738032466,43.132635334041
36.018942000686,37.0551772764884
65.5712256585955,36.0235219122842
110.013462009637,29.3921384145506
164.262525279613,46.4384145918302
111.633852722114,40.6501746969298
6.12879347915183,27.1184971788898
110.754062008184,41.4923609700054
101.514707043901,38.723971019499
71.3864677330196,32.0408049738035
32.5433448595073,13.67423820775
27.2151328603027,33.6354305036366
92.7107769397988,32.1530285989866
122.284977050831,49.8313715681434
141.42194026791,47.0103664905764
0.354117295197931,19.7406416526064
43.106213899203,25.6813415559009
74.62580874279,42.3995871096849
70.4993773080882,26.3719886541367
33.5474927850147,0.137430126778781
34.227751115222,2.93470125179738
40.4689697252802,15.4871516278945
16.5299192799966,5.37503939121962
40.9058731142703,40.6754380441271
97.8205968444932,30.3744012839161
41.9998761057082,17.4636035342701
72.6978210494371,23.9621007000096
65.6530397334538,43.1252468610182
90.2955953288463,22.5654572364874
128.561395298774,49.5571776293218
79.7022350073148,28.452632506378
74.6425883114262,26.8496892997064
72.4413364019471,27.022914448753
66.7659535350525,39.7030551917851
56.8854278715624,17.2115603927523
69.4344889257709,38.158027397003
48.8933898385124,6.71373041113839
3.83342572332585,21.7268113046885
79.5773153719022,33.3765101153404
30.5280356490675,39.3799456069246
49.9321448645845,35.2137798210606
-39.6807819727671,2.59829177521169
89.3128911959128,25.970247737132
105.613910483915,38.064691866748
73.8756323483076,49.9596633249894
71.9889526866571,45.0197715894319
130.33096242901,30.2825633669272
58.3679731666214,28.9262452279218
20.4310852333168,13.2991272374056
89.6109701321523,49.2281912942417
28.3718676269804,6.91057356307283
10.2610087273404,21.7529128422029
56.8296275876254,1.41826346516609
22.3890497670384,10.1757376571186
48.2934644330316,14.2168682650663
31.7736398390695,16.9651923933998
105.55914963794,21.8329088296741
94.1114851538579,46.8460747040808
32.6441401162175,40.7877112156712
3.96349644798851,7.3674169019796
31.8322001567171,29.2397336917929
25.8810898974047,29.5079864677973
-2.34516956882367,5.74220198905095
25.0590605404136,11.2521028029732
47.2766701938343,37.6428284565918
85.9225956496585,46.0632412461564
123.235914652373,48.3632206683978
112.498418490777,44.2889547790401
16.3239958273171,13.9431394869462
58.4924901348418,35.7278498704545
50.923594054645,3.42991364886984
54.9398242939228,45.6368802930228
69.4619605822624,34.7466441686265
74.9538708321925,21.0338815115392
144.951491513846,41.2260631565005
50.6442784139721,39.191708737053
19.8388840804881,21.1518689990044
89.2735977499775,48.1695369700901
-4.73024575689637,8.79061759915203
17.1911977317357,18.2196057052352
70.2546595571572,44.1633214126341
110.552674178342,32.3570898384787
-0.570194635852651,2.829537645448
-5.61605200623107,17.9785783169791
101.048317249103,30.1670644315891
105.056611937349,35.7561305514537
35.0903746268037,12.5689734239131
48.861187391361,47.9206841439009
96.227462187464,47.181514382828
27.0122981648402,5.90201428858563
11.6691341991397,32.815860665869
82.7922101229081,28.1109940144233
50.2870295037091,26.9437828916125
57.1836949987625,22.5686787045561
10.8575689985387,16.6135250474326
37.552103229507,16.50357543258
137.037894369468,45.1849674340338
76.9493670789372,28.8344168686308
54.6951659986813,27.9828492784873
2.54293174297574,9.34335496276617
117.956257049426,34.5513197011314
73.2322886128492,47.8672846453264
129.345136790913,44.9359990074299
24.6912344535938,16.6850819136016
105.86636743548,48.2051771134138
34.1540491063467,12.2858849586919
89.1969250070583,45.8778642932884
77.1068833604194,37.2294346918352
48.2861307440369,42.5311678205617
5.38023362840896,11.2619276740588
3.65565854950927,24.3037617532536
28.8043974827962,13.1366895278916
-4.45229538174078,25.9242403553799
54.2027104648884,39.7985633462667
-18.5694393808483,7.97452756669372
56.051982730929,29.3684387463145
164.521435495289,48.5583376139402
43.4683019933057,25.6537401932292
84.7849317592112,27.2521106875502
99.9270383245693,43.1892858585343
41.2318543170165,46.8756348593161
21.0644407823291,18.8225664314814
128.085054051064,46.9484115252271
82.7573924592846,21.7304871999659
15.8879690426246,23.6595911090262
-25.248574151387,11.6428632522002
40.8696759423358,7.30240166885778
23.659150945983,28.8041916210204
101.516657388553,25.0865871785209
29.4757390013043,5.50260671880096
64.0904898327196,28.6809392506257
126.064850447578,24.0741354878992
9.21045747424678,0.638161436654627
105.111655315726,38.3645360474475
85.2825791264296,47.064625157509
37.1636421701924,16.0741790779866
91.0377759920927,47.5833158008754
101.524717832944,49.8936406220309
95.9530391484246,19.4207208929583
98.9739195907913,12.9343559732661
76.1890550676527,36.3508220179938
12.5632824809719,5.2068272489123
31.6807018891773,13.6326473904774
-50.9288175097826,3.18311273586005
-38.9108384864035,10.459379456006
72.1042197461844,39.6123524173163
49.041432324736,22.6792177651078
26.7973131109434,15.4243099386804
-45.4462249189941,3.6470502614975
25.7109595793331,25.6831717910245
33.2301018395302,15.3369424166158
12.2864139381594,1.43517148680985
71.3871834732928,40.544436534401
117.57593312676,23.1055003940128
100.916327339382,36.4376411424018
73.2378183288641,46.3540924130939
46.0249774611401,14.7296012728475
20.0934792360089,27.4114390835166
37.5723463817339,25.1960984664038
38.9602371657497,21.4476082706824
54.9594597199261,22.0096013974398
14.7688177608051,8.30485870828852
89.7050665216213,31.4492450561374
66.1972548152938,28.1515786075033
30.508043128523,12.7464839490131
104.369270849219,30.6185004417785
23.103918301951,5.4529806599021
94.626584610679,46.7097743065096
18.3865826293636,43.1437276303768
112.673170663121,41.6746519273147
81.7308741809586,43.7133372761309
129.939070988842,44.7914726450108
108.834326030779,34.4472210621461
63.4230656217369,15.5796132050455
53.2434955333622,22.206292510964
43.3942211515568,34.3858404899947
51.2560975317871,1.64516153745353
35.3562684930271,2.55394860869274
107.992902459555,30.2722433116287
42.4654477555125,10.5591111583635
-9.93230904894759,13.6849299189635
42.2955870384817,39.8538569570519
76.8089924523894,47.7693260880187
38.601669724987,31.874452973716
26.8197142502648,0.70434610825032
31.7509525199168,17.6505023147911
101.522917305673,24.5770951034501
57.4702062425595,3.02742114290595
59.2139058169132,19.6843494544737
-21.3224165539083,14.6502270945348
30.8499551405679,32.3404735885561
68.5988674454762,26.9818654051051
64.0682922843909,34.9802554468624
46.4490994774385,17.4331116024405
109.044392007685,18.5303039150313
1.67912530844632,3.16851565148681
30.3071505991711,28.3004911034368
17.234158783212,4.47301308158785
37.8765529307952,14.8800580645911
92.9367100188181,36.3022860721685
28.7341828604683,30.4396186023951
55.598351725826,43.3806847780943
89.7741982587227,28.2956460257992
93.1031017958741,41.5720833698288
79.116540526769,25.4146106308326
76.6624207481029,17.0319103053771
29.8340179473759,31.8926974781789
8.74774611327946,7.43270551320165
15.1260119401662,25.9103963384405
59.3159584688628,32.4006928829476
24.4978579805113,27.2185820969753
-14.5978958084476,8.17277423338965
94.8956245079387,34.9942155065946
95.8607955899851,23.9622964640148
80.5541928752572,38.0421036737971
40.7939829680654,28.8535894127563
67.3996964350866,33.7015961762518
121.605683728213,49.81168883387
65.6773984092837,16.054139751941
2.00631845247116,1.81490358663723
10.5786203209148,31.5354086691514
64.1254092512314,38.786180340685
34.7507415841062,24.6919394237921
3.33184572972791,9.56970404367894
50.566559569707,16.2454253644682
119.247297383796,25.8782610297203
119.025068515788,43.6955787125044
-20.0623903303019,12.9702283535153
38.094250921127,42.4550205352716
32.4078490492377,16.7134169605561
-15.0917802147999,5.42040085420012
34.4666105592745,28.485990036279
115.891128826911,47.4576477194205
91.5316921082443,37.3662113212049
64.3414372449393,27.4596460047178
112.486575575541,39.7796914330684
108.978761459807,37.5456692883745
69.4282859831671,40.7242925371975
69.3794826087971,30.8668684330769
84.4339279621367,47.6896875072271
101.272757321347,33.1262031686492
118.618051988791,40.7427025958896
-18.4765336261731,3.63949295133352
56.5880549059625,5.8855083421804
79.9178699420919,48.9480562042445
40.7804963755716,7.09533218760043
17.1504222120962,10.3553644381464
128.798727867482,43.9716152381152
-29.8381012168701,13.2174821919762
96.5309647275347,36.1131599871442
76.633760540893,12.16743075056
131.091923929087,29.5768125215545
27.8090315590444,37.5524225877598
39.5206072815256,35.8706506318413
76.2501710125344,24.5043873786926
60.7035952598498,35.2200180874206
-16.0248527411675,18.9583105500787
42.7795503027923,33.0836745211855
52.7090984385629,17.9683652473614
45.6240061453189,24.2801229236647
30.5400761985418,34.4172028708272
41.0830949597783,34.6421055379324
87.2679445156431,25.1243940670975
31.2117358610111,14.2556477570906
106.68157139712,47.2196761402301
25.6274786912678,25.366046349518
68.8389934588711,36.4512653904967
70.713851400887,6.38297483092174
14.6242794275778,0.233098235912621
45.854751369445,33.853784063831
2.27318571956906,32.5807706918567
104.832329173356,34.2526563443244
44.1314905829365,24.9463002197444
36.4340512931799,16.0368947079405
78.0792049217505,37.2460109647363
69.5532181387984,42.0157187618315
19.7377980907856,3.68879265151918
16.6452205391586,18.0800138507038
-4.20891729514499,18.0306251975708
177.107438067266,37.5839835382067
120.814460340889,37.738017749507
56.6272697304544,41.7887351242825
55.2439476366652,14.6928785485215
0.60953283315926,10.7300557894632
10.7219691304642,7.41656078025699
39.4377102339393,27.0686681615189
22.2148662675599,3.443451190833
47.6819384259641,34.2129666241817
81.4145632950886,41.8460544547997
-25.8987261944788,12.9202924668789
34.0430611996937,14.7296220296994
49.0877618059163,48.7136164098047
0.980447996657528,4.73868169356138
50.6500182345797,9.41865913337097
123.990706261326,31.802741996944
11.8664037509635,2.93655534042045
-5.5854595842105,3.35344950435683
76.8226289467595,28.5707247559913
22.758875588279,10.8493945212103
-18.1651872881671,2.21234093187377
23.8846906773808,21.8190131010488
69.8229518411149,19.0984941553324
14.4028553068664,20.6567339948379
49.4967698210674,8.66318114567548
66.1346706288206,37.2835931950249
0.913241129626629,5.70378430420533
50.4204273224338,49.1635299520567
110.489191329581,43.4623312321492
99.5368865337431,45.0581589597277
30.8298779619522,11.5640920237638
56.3988876104218,16.4701538160443
72.1165986213688,32.0536264101975
4.80331851480593,10.5545041849837
30.4791920675153,31.9839528412558
110.93286849594,38.2792164804414
28.6252071274893,33.1419403897598
69.2043901082977,47.4753901129588
25.863985046684,9.72798872971907
46.8994357880209,10.8666366664693
-12.243025595362,16.5558449458331
98.3973012388033,47.5865906220861
52.6401010064387,23.6772255855612
10.1539047466803,21.4526574243791
86.6043621924402,39.7584196645766
26.9328509135179,9.3296991661191
76.3689475943945,29.073411191348
50.9574291751735,43.9672222593799
60.8919796263473,22.1730236662552
93.8031504696597,34.225859597791
58.459969857043,17.5992573378608
110.815930089175,16.5835741790943
-3.86109670358891,31.6652170498855
27.4869578051652,26.5924427076243
-15.1469447419637,0.343517155852169
-11.3610671313948,6.66516484925523
101.574319004039,22.8138954029419
-2.7249887286658,13.6853987816721
29.7653356740316,10.3082376183011
55.4119929573246,23.0131853488274
59.3831918817922,33.9160694042221
74.8219667675797,38.1538010435179
51.1127970888101,28.530909307301
80.8506742240802,35.6760180555284
-21.5182497031216,1.84307425515726
44.3651116315936,23.5830022837035
44.971894225012,12.5582480221055
107.636447717432,41.8085214914754
120.778558246804,48.2689064578153
109.248420644378,18.68939131964
11.6571412587972,20.2503668144345
101.591559959667,11.3732789293863
86.2757323428092,25.4265268100426
72.8274599643971,16.7982539976947
66.2731531224519,8.87101234402508
83.3221781977602,22.1034134854563
93.5737506149435,38.7647484079935
49.2901795964919,25.1503923907876
78.786599765776,30.3831792087294
82.052285787795,34.4043055083603
21.8176291360384,14.901203266345
75.5319140443188,36.3697442924604
77.5653173875782,46.3565951446071
89.3453185809423,43.7291409703903
49.2335122657363,20.7129628048278
129.970631997296,48.2165236142464
50.6628765495432,0.42467633029446
97.1926741882062,24.9345510732383
72.5650034363706,30.8172928518616
128.327321950138,46.2233239435591
-63.3133841317683,6.61855085054412
70.1422291507034,11.1536435666494
23.3400214905746,5.79764088615775
95.8388259923435,47.9690494248644
125.285903885567,39.460439432878
48.7339869161748,5.46750177163631
109.525405972953,30.2329489961267
60.83022234649,12.9335486446507
-0.0949780163795992,12.1105780126527
69.8712699824135,24.5417296420783
125.917690609547,48.4033362939954
87.5838971221722,49.0552850649692
96.2947619934926,49.2473747348413
39.9971932325197,22.083545755595
65.5777921361647,29.037065571174
81.604640542538,19.172020687256
57.8513716674961,39.750690816436
63.2774835041381,2.89190062321723
-6.49616419419512,14.355559379328
106.878801165387,40.4085032874718
57.8539949460788,26.5320281032473
49.2011739316998,21.4495131280273
109.695357791354,40.7057842239738
130.853913228293,38.6432482860982
-22.2922031095679,10.8753157313913
86.5086198220965,47.0931253745221
111.20281742098,29.0699428878725
15.8222211943296,7.54668654408306
133.188185200488,45.4944610246457
18.3916816888979,26.8169598537497
52.4938105810933,19.6584909688681
165.238879532565,48.7433036323637
96.04258522755,20.6413449021056
26.1982664705934,10.5558495270088
80.5824866140621,48.1462215073407
47.3056921178206,15.4908260446973
79.9521253550851,47.6955273421481
132.878131171683,48.8388199242763
17.8844020259832,8.12573831062764
69.1929011385328,29.8530820989981
69.7069795106699,35.8175155823119
70.3406256674507,27.9086653841659
50.2522790383379,4.34330789139494
52.3978197808124,19.9693762464449
95.6425954004188,44.8276997427456
61.5169961656064,23.5700726276264
46.8219566390833,30.0263036042452
-16.5372910811814,2.68983707064763
39.6095874898254,10.4546095943078
87.8109711365305,14.158306538593
74.57084649602,19.2899331566878
101.161768138042,44.3188201868907
65.3355532672883,28.2004524837248
53.8793199340395,38.1244067568332
33.1644420859972,0.131117179989815
68.5277653504087,24.4384528137743
89.112519610435,37.4244963633828
87.9888210469974,28.1702049076557
60.015897465769,39.6842584712431
122.748310840191,40.9674078575335
65.2933570908381,33.6522838682868
32.7280840416397,40.2515739318915
98.2605465720142,40.4192552436143
49.0698785401113,43.3299278724007
125.392688954921,48.6186895752326
-24.0367850439868,1.93840973079205
87.9724772010737,39.0096549177542
74.0126836607568,39.2457680311054
72.0312328617445,26.5288738068193
37.2871177058297,19.8678813874722
-6.5621926316403,28.4881107043475
78.3003216893714,19.9712194735184
12.6474076803461,19.0715414704755
105.840026217659,29.2861305177212
4.31551918778207,5.91263783862814
109.920814890033,19.0859820693731
4.99459638360966,11.5048111532815
98.7430079038257,47.0469286781736
88.6418398370906,27.0135845057666
87.7393710317857,27.2904126089998
16.0476887033347,1.70597907854244
112.737090517231,43.2270409073681
155.573957484996,46.2004540953785
-0.152026338266928,17.2963030519895
61.0639450803822,29.9064225750044
57.3981108793432,0.672903005033731
50.0872309329192,29.944972647354
73.3305209832848,17.7229555440135
73.6162478193816,25.9434700827114
31.4069828108606,21.80846107658
31.3480063885889,2.83691170625389
14.3815360266969,2.80148793244734
14.7056050069106,16.4593377616256
30.0011650765966,10.1477695046924
76.9700762428604,43.5067179845646
72.9092068282542,38.733752456028
47.628390813959,13.982056255918
76.6289261341857,20.9952555596828
50.9581191314816,41.9612305355258
99.3170921459494,26.0506181395613
61.5986387634908,41.3937072269619
31.6441978016958,42.5524636521004
44.5595545436745,39.0536767081358
96.2946685015371,37.4128738883883
85.6387993945623,43.6355554265901
69.2766764016734,28.6068173008971
67.0604626110356,28.3734084689058
-8.51859189396297,0.561897759325802
36.0189271466755,2.52511630533263
104.995460637448,43.5805173707195
26.5201680532278,29.6145785367116
45.743213634381,27.9930998571217
48.3134622623209,2.2179932333529
107.108160087249,45.1883118948899
-8.66308744617658,26.4335090992972
27.0313906321019,15.1476857368834
99.4692437397484,37.5328731490299
50.532102310508,14.0941575984471
73.9723166372481,21.9499061349779
7.23357895953913,14.7759180748835
15.2379457338862,18.8531633815728
109.18397975752,33.6728561320342
62.7588287190456,17.4221087363549
44.909767983644,1.55505916336551
112.778569838356,46.4983469457366
73.5758929894052,41.6691149002872
36.0773237604406,15.9723857999779
29.424567909597,19.4286305573769
125.903418586009,49.9609621008858
39.0238775016694,29.4734272873029
112.045026915812,44.9681349564344
35.7170401029076,38.0064984667115
43.4144357609747,21.7287953244522
-17.2349436370167,2.66683193622157
136.464425706382,43.9024555962533
-5.6554286020484,10.2196441497654
66.0124136902939,11.0542370239273
62.2349579749612,17.1418414567597
68.2490520340003,23.8672712119296
43.8641203893979,22.017244505696
64.6026194426192,20.9982518688776
99.4564090118369,20.2869507018477
30.1389264789866,3.86772208148614
-0.300829855566043,12.716159352567
59.4242585837629,27.1564215188846
100.983855014824,28.5160288331099
-42.0827354159381,2.11362726986408
85.2665588629475,31.4229078474455
-3.26606705369718,14.3566115526482
53.9551486530072,21.8809715588577
66.6119395264464,22.7749827667139
52.265251455531,18.6088752467185
5.22095261894547,25.0829042401165
86.5992513688711,42.0438007684425
105.983719737204,43.0145222810097
51.3053506455219,15.2453902177513
95.0817415824696,33.7751152459532
70.3329465386835,33.9450197061524
80.0443396324217,15.5873889802024
69.032800763648,32.5060268049128
61.3050165642965,9.35243000276387
74.7295266359192,49.9875454115681
112.037073069993,32.2613208089024
11.2343398351791,10.9791814582422
82.8152300777958,43.100763275288
19.9179672132169,16.6437051608227
78.4925647627868,43.7166718649678
139.635665779048,46.1493108188733
38.7324740981157,38.5114794247784
55.2865364794643,25.5131704732776
5.98833359500745,0.624379399232566
-8.23640301769955,5.75913973152637
47.3583305535771,12.3535509337671
5.75041537602605,4.65784929692745
4.62053341717651,9.29987117415294
57.634293392602,32.6134986709803
87.6529329206818,20.8090655854903
124.251815416742,38.7938925414346
63.2189840933304,33.6091359262355
64.7602136494542,21.0671972017735
79.1468846922292,45.4309478285722
69.6955751280741,37.9608875024132
38.5280906321577,26.0553686995991
30.351243332893,9.34068002970889
77.2290441327264,28.8830854697153
66.8844584984351,7.9981658491306
-30.7801837732805,9.50043561169878
80.0196498326376,36.9708157260902
123.674652451513,43.9639693358913
30.6359707648899,8.84379729395732
11.4709745531603,16.0230357316323
94.1870930453503,32.4781514820643
44.0777076396154,42.1806781203486
67.3064012410283,24.097141972743
152.717546016981,47.1336637856439
57.9447494157692,17.2590833390132
-53.6379896975261,11.1615456175059
62.1480348497076,20.2184278634377
135.176718199504,49.880027177278
60.0827466579916,24.9810127192177
62.6329444957284,29.1196160949767
60.4812240331382,30.3949060966261
52.00492632175,39.5521208760329
55.4347597829155,16.6895243688487
62.2830124517468,7.93529252987355
34.913868205259,11.1647189012729
101.640340614951,42.9813918774016
11.7260049158988,7.21183064160869
91.3364842367951,33.4377397201024
67.6292688613295,29.0809305734001
23.3689127342784,16.8283286504447
45.0246235083754,35.5589261511341
33.0393252918286,18.7562248902395
70.6327469854097,41.4586146478541
84.1523534768985,14.1479019774124
-8.26323083849043,4.30769165977836
126.176006234556,47.4701702944003
-0.232798570890587,25.6034438614734
75.6465484643461,28.7973254569806
37.4468431005001,12.4278910108842
76.9166409072388,37.7240137313493
140.786752656755,44.2967460257933
6.83946125421393,16.7038584593683
118.14452061103,35.8237331500277
84.9610741715602,29.3795632547699
57.4877808057261,27.6397650828585
68.0876071185637,27.4481309577823
62.1636026527802,21.782160224393
79.4666459339031,32.754327764269
13.0450731166409,6.31272689206526
88.0605658987348,11.5251363953575
-0.632124798613923,16.5066120447591
-12.725336501103,13.1139442441054
68.491944441125,28.0263616354205
1.37531729479624,1.15198843413964
67.7010110913037,47.3512951983139
-8.14218812132722,8.55642997194082
44.8273153360385,36.2277378095314
62.2960132957716,33.9458834263496
45.9358316638759,10.4954809648916
66.1081086690662,21.9626598060131
82.7396502204392,46.6509801568463
47.2145177423055,24.4262914173305
114.396839481505,29.6414701268077
47.8069646197307,29.1760993772186
46.9682917518634,37.4042540905066
38.7491196670005,18.2057669619098
43.8603138084527,9.19075256679207
15.669116926457,14.7401750204153
-30.5921099078282,6.32588001899421
117.953881608249,33.9201719267294
100.254964689902,42.5490730442107
20.1659198523819,5.10860325302929
126.274783807855,47.2769648768008
109.22659949635,38.5928964940831
-37.4597773980648,0.0131609383970499
116.611123117716,42.1958216116764
73.9493412976597,40.0973440613598
90.9570977676979,16.9964824686758
112.870146267725,40.3006185311824
40.9870449413448,44.4832440814935
61.238603148894,35.0678202114068
85.7298641072603,36.4582651876844
80.0658395520408,39.6501728333533
19.054838278588,27.0256667514332
45.564834165034,28.8308338727802
-19.5266144916655,4.83191811945289
7.94155255083539,4.15643560700119
20.6407886058907,9.60642230929807
118.742594999936,46.2832257850096
69.5477119677285,34.3138803727925
43.4185348851349,49.5138153084554
112.253948242727,37.7037942176685
37.9624358685084,33.1164346192963
51.7799306935388,37.4113025725819
-1.99431544146698,4.4300954323262
-0.135082828959121,9.30287959054112
-15.7438192787099,8.53216724935919
84.1236866187734,16.5037419414148
15.7481775518104,17.9885458317585
57.6087963027667,23.3502260642126
41.8489511307407,20.0953073101118
118.470199038478,43.8506792997941
5.38596388963179,10.5897382367402
62.7529722239462,43.9297128003091
7.78792342516156,16.9745781226084
-6.41373856126496,3.43093032715842
28.6219026042418,18.2277040323243
46.3765099937302,27.5200868491083
70.8645716216461,19.9965810286812
46.7073804214994,44.5087006082758
102.615550714875,43.4990638168529
58.039515489965,9.50158858904615
31.0919082850513,12.9263474838808
-11.417153489518,10.3311916580424
35.084770391148,9.57671465585008
-51.6107438484213,2.66652515856549
34.743018841765,34.0541693614796
-41.7811677521097,6.74193615559489
49.4536027091191,9.35532217845321
-37.1634952315428,7.88860503816977
87.9382255763369,45.1217739493586
85.3475411214507,46.5489188674837
82.7212403881529,48.4516113996506
100.352323754453,10.9231287264265
48.6292721323006,13.8989352388307
25.61721725519,35.2775720879436
33.2462052224858,8.97643857169896
-12.4022252917563,3.50563916144893
66.0958406465015,19.3857913487591
89.508474988959,25.2178680617362
16.7131357611729,11.4406252163462
149.723488973039,48.9214046974666
42.2752819609787,24.7598994057626
132.495503047312,32.0534163154662
-8.9121642542069,20.0806753360666
-1.96513663740452,9.14148066658527
67.3582451091027,34.0455742203631
139.843023214938,49.4246608344838
17.3709364280197,36.8497474933974
59.4710079674247,27.2565103252418
133.706732884276,31.9873871398158
66.5990431661149,43.6837296350859
46.1132268504143,32.2790358681232
68.9049859121077,29.7887839726172
61.1433792165555,16.6370447841473
11.6628949700649,4.6479259384796
6.70044631412272,3.74151658033952
45.3130476472481,32.0892352377996
36.6521825114245,8.81761363707483
106.584112330989,48.5047053662129
69.8044492909672,29.7508101793937
31.7804325810297,9.29593436885625
50.407278630353,39.4752960768528
80.7940741679649,4.4547647354193
35.0274111666479,22.3151955986395
18.3859925283218,19.6955004474148
93.0214076005593,49.7460363432765
57.2321284280076,33.8326914585195
104.344553275455,43.964642228093
141.828158384173,37.4179602600634
71.2017023367276,43.2628205162473
35.1745407614001,1.45092819584534
117.905220217234,47.3472873447463
36.5881332956953,23.883239319548
59.8950692335874,29.4050134369172
89.9971319566824,44.4722182815894
-29.5239777496391,3.09460448333994
69.8838746347977,30.9504099539481
104.206459515497,5.97852088976651
112.402223019467,42.2939961543307
74.0573114477145,24.7815232141875
130.05997246154,36.4654870820232
125.194471793869,44.5319088059478
108.97622143476,48.6979438690469
50.1137506629481,10.8736410737038
72.6052009648304,38.6161569040269
44.9602365084408,32.3435224010609
90.1045088543004,5.97207040991634
63.5411761504955,43.3591339271516
71.8966812857121,28.1364882714115
5.29744424174997,13.564810983371
135.899898927874,42.1093603014015
6.18655992148255,4.71257352037355
-17.9872870911775,19.4234697381034
45.6981059687077,29.8650670098141
54.5851694428717,22.9011310497299
40.4907738008933,7.67581721302122
31.328583007437,31.2445743009448
179.584903453943,48.8014996633865
146.064819822289,44.0669202362187
6.6048854500814,12.1336631244048
58.3108437437946,25.0483737210743
91.228187717715,48.2862866600044
46.5529441546646,43.5656474670395
7.85803146216593,24.0146213327534
70.5211046175295,25.250139972195
120.546875094571,44.3497743224725
128.466499491791,49.1829450242221
117.825821830357,46.1029715719633
63.506069097494,35.872605885379
14.1898325119214,1.03210024535656
35.9826926524882,14.6022618631832
102.391901426757,20.584937336389
55.6482480247863,15.8515707124025
108.699882625136,46.941431320738
42.5820345732143,31.2835019081831
39.1237871375817,24.5321251801215
95.2107834335646,41.846027225256
4.44043453282935,17.1442372724414
27.8078100293101,31.7938048043288
51.1591813441637,9.46464479202405
6.88556638466182,14.7554493742064
30.7833685485152,2.89348436053842
79.8624132256157,42.8491696016863
96.3784704130316,11.4204206736758
35.484257734114,34.6587801119313
63.0515358619495,38.2056636502966
68.8462736690856,16.9350118841976
28.4960594086191,19.0072213532403
15.1241001329895,5.11660132324323
93.1526826587454,26.130641088821
118.563005695943,28.0924182618037
-11.1276604858457,0.805429241154343
-17.92451295344,23.070372804068
-5.77127629204051,9.95987851638347
63.9719712251935,47.9315146221779
64.4070930900122,35.5749961570837
146.103264568414,48.2380333007313
60.4579981388914,11.9319906807505
72.2102975801835,31.6939298645593
32.6114908623019,39.0634675044566
17.6435388881423,20.2273933566175
27.7230946604061,14.4406588631682
46.5742244354794,10.8654275769368
100.558491681482,39.19459230965
90.5449336900996,37.2021520859562
47.4220210106071,47.3007306805812
65.8223782167005,33.5415392299183
82.459900552555,40.5647651292384
20.2027309780613,26.14348041825
-46.8594941280689,24.0192229743116
133.516896692637,38.0989970290102
55.482087176527,31.2684410135262
24.6162613462989,14.0875406097621
87.0195138159589,36.4283606642857
73.0852825106743,18.2557305088267
-37.2394309244699,2.50069901812822
49.1073969848239,14.5533450064249
50.0061622400636,0.90214895317331
23.3255251118024,26.0241137235425
30.3016920234729,17.7584763383493
-2.00481909112229,2.07569254562259
60.9464319883982,40.4972302960232
10.8041675515934,45.1106296270154
11.5422864951497,12.4861730961129
1.81736988133182,14.4513547653332
107.054237076531,12.1889628120698
2.23852176638339,10.5299349175766
42.1557333253357,30.1443637465127
22.2766900968809,26.9296405720524
8.09147527598225,9.61776439798996
28.3898232011478,15.8086464274675
132.010266556089,33.726455969736
36.7000171689184,4.94291512295604
32.248486076346,34.3876822618768
91.1583363297078,43.2680096244439
101.175197675576,43.7696916633286
50.9147209463079,3.19301536073908
-36.9862509945919,14.4585394882597
84.1899352752813,35.9942695824429
58.0031398973118,33.7473100866191
48.6644055049521,34.300697199069
35.2660233856196,1.96402018191293
6.94313255576062,28.9427776471712
23.3280971904617,6.92554974230006
18.505784408136,33.0295421299525
75.5694838746705,48.1429485953413
97.2789244179491,15.8631759695709
64.3985094132329,27.5327844778076
62.8251354900263,33.2342631067149
46.529329717038,17.1527576516382
-4.48756550159658,13.9103197492659
6.05271583393975,14.731139189098
132.604655294066,35.4383044061251
71.9676370583557,41.6525288834237
157.69548552956,48.5628738300875
109.948621185576,49.7060980997048
19.0867545965505,11.7907880339772
68.9425816780306,24.8583368840627
133.323872574598,45.1873610727489
68.4576285393566,37.557110725902
124.087881363734,35.3948991396464
56.746362626209,24.1432650364004
94.4435813700325,24.4058464886621
78.4878129158177,33.938821265474
49.9555843980321,14.4408605061471
94.7276497559085,41.8869026587345
-11.9590944623958,4.81387117179111
7.02077910576973,20.003313140478
65.8705654404467,24.2763101123273
116.912649372627,23.7894500140101
42.185265818015,33.2382554071955
91.9378021895968,43.646897317376
45.9296368966987,20.9196923766285
9.13651555434239,1.50005409959704
115.500164192676,14.2912044655532
71.0315484975306,21.5351092279889
67.3726101909979,49.3518365430646
116.181908562745,38.0684766918421
6.18900113817754,26.8062129616737
7.78654809628723,25.7014009752311
76.1138901553624,37.2631547041237
105.934999041412,44.6134194266051
56.6192439404566,18.3111352729611
-22.682125726683,2.2945120697841
-41.1033632213868,13.4881741250865
34.7545991887175,19.8489146772772
-39.1969627805576,8.43953215517104
83.2818330373145,39.5083795301616
14.1944422854182,10.3638636181131
12.7773255708684,18.1946219643578
104.927148434492,28.5819936310872
118.880891619292,46.8054448137991
30.2227375781623,31.1982025858015
63.9726742922656,39.5221718004905
87.6549841246939,46.1515357717872
67.4656277889107,30.6581916520372
7.83907393583582,26.4167545945384
54.28926588953,42.4894962110557
-5.89734749262646,7.75826703757048
29.5814795178263,19.3584741675295
120.648980538793,39.0674888156354
138.357261123358,46.6574827441946
35.917834843814,12.819609825965
97.0122349836842,47.449009551201
1.4727025854044,7.61871251743287
40.8223041700958,7.9556344775483
86.1346179527121,4.71360628725961
50.2467158493822,46.646224160213
75.3652214809351,38.0026163416915
43.1498944345252,4.40179128199816
77.0155908333299,31.1206583864987
46.8592773199564,31.8596284952946
52.3278655322066,40.8547352417372
-10.0384181793092,3.29915570328012
70.7195304135976,36.1268324428238
116.187748373355,41.9602305162698
54.9292127845209,34.3610664713196
73.8703454042376,44.0712903393432
52.9999674671488,23.9162481739186
111.042156499737,33.8303069816902
45.0396543490893,31.5209953230806
50.1403199649639,23.1872414122336
19.4156237753473,18.9248035661876
84.7527724008185,48.0284844292328
-5.56323747197138,7.81493673566729
64.8992135671818,40.8399182371795
105.94263592559,39.0797651954927
59.6087650976147,37.380465969909
12.478801980875,4.3999211746268
10.1347415243139,8.52838910650462
59.9528330829084,25.3326465957798
87.5482181876845,32.795207365416
32.4077722653453,13.2481121574529
15.0683523063367,20.2310959808528
59.879582040137,15.90760149993
87.7151230595321,33.7314172764309
129.561282921172,48.2499891077168
74.5461441437295,33.991204679478
-3.3966385950592,5.26543132727966
67.089330997307,43.3157047023997
62.5660392570782,42.9812663700432
68.5209134896837,36.9493075879291
50.9241091141855,31.1748505104333
26.7828439018564,36.0986519372091
73.6649921854462,34.4013764057308
80.085717244032,36.5162219386548
99.3113517517473,49.3424206972122
75.0167852638976,37.5077413162217
-21.4357841003174,0.00283956760540605
45.7429174195975,8.31469221739098
51.2878977885982,31.6988374223001
54.897546691727,44.9115502880886
71.0886320773653,19.1556516336277
81.4272771277138,34.7122780280188
41.1691218472248,33.0418817698956
92.5124163970653,32.3133888887241
5.83458815949766,5.75143814785406
23.6503716331591,23.4728902461939
12.2089728326751,9.20730931684375
111.924591679756,19.6975401369855
54.886482398469,27.7760094613768
35.8889084901823,22.5451090140268
91.3679795214073,8.02331615705043
54.1827611204261,27.3189730942249
59.5192969907228,17.6710988860577
154.272435098782,43.6064641457051
70.4010561095181,21.9206411042251
16.3962958153607,34.4143124879338
11.9765787000175,15.6419753213413
-13.2501094380908,13.9443340827711
-85.6168112932861,9.52648539096117
46.7295271383813,7.83006357960403
108.377769201502,42.6710675470531
-20.2438311602566,3.71705807046965
